symbol,name
20MICRONS.NS,20MICRONS
21STCENMGM.NS,21STCENMGM
360ONE.NS,360ONE
3IINFOLTD.NS,3IINFOLTD
3MINDIA.NS,3MINDIA
3PLAND.NS,3PLAND
3RDROCK.NS,3RDROCK
5PAISA.NS,5PAISA
63MOONS.NS,63MOONS
A2ZINFRA.NS,A2ZINFRA
AAATECH.NS,AAATECH
AADHARHFC.NS,AADHARHFC
AAKASH.NS,AAKASH
AAREYDRUGS.NS,AAREYDRUGS
AARON.NS,AARON
AARTECH.NS,AARTECH
AARTIDRUGS.NS,AARTIDRUGS
AARTIIND.NS,AARTIIND
AARTIPHARM.NS,AARTIPHARM
AARTISURF.NS,AARTISURF
AARVEEDEN.NS,AARVEEDEN
AARVI.NS,AARVI
AATMAJ.NS,AATMAJ
AAVAS.NS,AAVAS
ABAN.NS,ABAN
ABB.NS,ABB
ABCAPITAL.NS,ABCAPITAL
ABCOTS.NS,ABCOTS
ABDL.NS,ABDL
ABFRL.NS,ABFRL
ABHAPOWER.NS,ABHAPOWER
ABHISHEK.NS,ABHISHEK
ABINFRA.NS,ABINFRA
ABMINTLLTD.NS,ABMINTLLTD
ABNINT.NS,ABNINT
ABREL.NS,ABREL
ABSLAMC.NS,ABSLAMC
ABSMARINE.NS,ABSMARINE
ACC.NS,ACC
ACCELYA.NS,ACCELYA
ACCENTMIC.NS,ACCENTMIC
ACCORD.NS,ACCORD
ACCURACY.NS,ACCURACY
ACE.NS,ACE
ACEINTEG.NS,ACEINTEG
ACI.NS,ACI
ACL.NS,ACL
ACLGATI.NS,ACLGATI
ACMESOLAR.NS,ACMESOLAR
ADANIENSOL.NS,ADANIENSOL
ADANIENT.NS,ADANIENT
ADANIGREEN.NS,ADANIGREEN
ADANIPORTS.NS,ADANIPORTS
ADANIPOWER.NS,ADANIPOWER
ADFFOODS.NS,ADFFOODS
ADL.NS,ADL
ADORWELD.NS,ADORWELD
ADROITINFO.NS,ADROITINFO
ADSL.NS,ADSL
ADVANIHOTR.NS,ADVANIHOTR
ADVENZYMES.NS,ADVENZYMES
AEGISLOG.NS,AEGISLOG
AEROFLEX.NS,AEROFLEX
AERON.NS,AERON
AESTHETIK.NS,AESTHETIK
AETHER.NS,AETHER
AFCONS.NS,AFCONS
AFFLE.NS,AFFLE
AFFORDABLE.NS,AFFORDABLE
AFIL.NS,AFIL
AGARIND.NS,AGARIND
AGARWALFT.NS,AGARWALFT
AGARWALTUF.NS,AGARWALTUF
AGI.NS,AGI
AGIIL.NS,AGIIL
AGNI.NS,AGNI
AGRITECH.NS,AGRITECH
AGROPHOS.NS,AGROPHOS
AGSTRA.NS,AGSTRA
AGUL.NS,AGUL
AHIMSA.NS,AHIMSA
AHL.NS,AHL
AHLADA.NS,AHLADA
AHLEAST.NS,AHLEAST
AHLUCONT.NS,AHLUCONT
AHLWEST.NS,AHLWEST
AIAENG.NS,AIAENG
AIFL.NS,AIFL
AIIL.NS,AIIL
AILIMITED.NS,AILIMITED
AIMTRON.NS,AIMTRON
AIRAN.NS,AIRAN
AIROLAM.NS,AIROLAM
AISL.NS,AISL
AJANTPHARM.NS,AJANTPHARM
AJMERA.NS,AJMERA
AJOONI.NS,AJOONI
AJRINFRA.NS,AJRINFRA
AKANKSHA.NS,AKANKSHA
AKASH.NS,AKASH
AKG.NS,AKG
AKI.NS,AKI
AKIKO.NS,AKIKO
AKSHAR.NS,AKSHAR
AKSHARCHEM.NS,AKSHARCHEM
AKSHOPTFBR.NS,AKSHOPTFBR
AKUMS.NS,AKUMS
AKZOINDIA.NS,AKZOINDIA
ALANKIT.NS,ALANKIT
ALBERTDAVD.NS,ALBERTDAVD
ALCHEM.NS,ALCHEM
ALEMBICLTD.NS,ALEMBICLTD
ALICON.NS,ALICON
ALKALI.NS,ALKALI
ALKEM.NS,ALKEM
ALKYLAMINE.NS,ALKYLAMINE
ALLCARGO.NS,ALLCARGO
ALLDIGI.NS,ALLDIGI
ALLETEC.NS,ALLETEC
ALMONDZ.NS,ALMONDZ
ALOKINDS.NS,ALOKINDS
ALPA.NS,ALPA
ALPEXSOLAR.NS,ALPEXSOLAR
ALPHAGEO.NS,ALPHAGEO
ALPSINDUS.NS,ALPSINDUS
ALUWIND.NS,ALUWIND
AMBANIORGO.NS,AMBANIORGO
AMBER.NS,AMBER
AMBEY.NS,AMBEY
AMBICAAGAR.NS,AMBICAAGAR
AMBIKCO.NS,AMBIKCO
AMBUJACEM.NS,AMBUJACEM
AMDIND.NS,AMDIND
AMEYA.NS,AMEYA
AMIABLE.NS,AMIABLE
AMIORG.NS,AMIORG
AMJLAND.NS,AMJLAND
AMJUMBO.NS,AMJUMBO
AMNPLST.NS,AMNPLST
AMRUTANJAN.NS,AMRUTANJAN
ANANDRATHI.NS,ANANDRATHI
ANANTRAJ.NS,ANANTRAJ
ANDHRAPAP.NS,ANDHRAPAP
ANDHRSUGAR.NS,ANDHRSUGAR
ANGELONE.NS,ANGELONE
ANIKINDS.NS,ANIKINDS
ANKITMETAL.NS,ANKITMETAL
ANLON.NS,ANLON
ANMOL.NS,ANMOL
ANNAPURNA.NS,ANNAPURNA
ANSALAPI.NS,ANSALAPI
ANTGRAPHIC.NS,ANTGRAPHIC
ANUHPHR.NS,ANUHPHR
ANUP.NS,ANUP
ANURAS.NS,ANURAS
APARINDS.NS,APARINDS
APCL.NS,APCL
APCOTEXIND.NS,APCOTEXIND
APEX.NS,APEX
APEXECO.NS,APEXECO
APLAPOLLO.NS,APLAPOLLO
APLLTD.NS,APLLTD
APOLLO.NS,APOLLO
APOLLOHOSP.NS,APOLLOHOSP
APOLLOPIPE.NS,APOLLOPIPE
APOLLOTYRE.NS,APOLLOTYRE
APOLSINHOT.NS,APOLSINHOT
APRAMEYA.NS,APRAMEYA
APS.NS,APS
APTECHT.NS,APTECHT
APTUS.NS,APTUS
ARABIAN.NS,ARABIAN
ARCHIDPLY.NS,ARCHIDPLY
ARCHIES.NS,ARCHIES
ARCOTECH.NS,ARCOTECH
ARE&M.NS,ARE&M
ARENTERP.NS,ARENTERP
ARHAM.NS,ARHAM
ARIES.NS,ARIES
ARIHANTACA.NS,ARIHANTACA
ARIHANTCAP.NS,ARIHANTCAP
ARIHANTSUP.NS,ARIHANTSUP
ARISTO.NS,ARISTO
ARKADE.NS,ARKADE
ARMANFIN.NS,ARMANFIN
AROGRANITE.NS,AROGRANITE
ARROWGREEN.NS,ARROWGREEN
ARSHIYA.NS,ARSHIYA
ARSSINFRA.NS,ARSSINFRA
ARTEDZ.NS,ARTEDZ
ARTEMISMED.NS,ARTEMISMED
ARTNIRMAN.NS,ARTNIRMAN
ARVEE.NS,ARVEE
ARVIND.NS,ARVIND
ARVINDFASN.NS,ARVINDFASN
ARVINDPORT.NS,ARVINDPORT
ARVSMART.NS,ARVSMART
ASAHIINDIA.NS,ASAHIINDIA
ASAHISONG.NS,ASAHISONG
ASAL.NS,ASAL
ASALCBR.NS,ASALCBR
ASCOM.NS,ASCOM
ASHALOG.NS,ASHALOG
ASHAPURMIN.NS,ASHAPURMIN
ASHIANA.NS,ASHIANA
ASHIMASYN.NS,ASHIMASYN
ASHOKA.NS,ASHOKA
ASHOKAMET.NS,ASHOKAMET
ASHOKLEY.NS,ASHOKLEY
ASIANENE.NS,ASIANENE
ASIANHOTNR.NS,ASIANHOTNR
ASIANPAINT.NS,ASIANPAINT
ASIANTILES.NS,ASIANTILES
ASIL.NS,ASIL
ASKAUTOLTD.NS,ASKAUTOLTD
ASLIND.NS,ASLIND
ASMS.NS,ASMS
ASPINWALL.NS,ASPINWALL
ASPIRE.NS,ASPIRE
ASTEC.NS,ASTEC
ASTERDM.NS,ASTERDM
ASTRAL.NS,ASTRAL
ASTRAMICRO.NS,ASTRAMICRO
ASTRAZEN.NS,ASTRAZEN
ASTRON.NS,ASTRON
ATALREAL.NS,ATALREAL
ATAM.NS,ATAM
ATCOM.NS,ATCOM
ATFL.NS,ATFL
ATGL.NS,ATGL
ATL.NS,ATL
ATLANTAA.NS,ATLANTAA
ATLASCYCLE.NS,ATLASCYCLE
ATMASTCO.NS,ATMASTCO
ATNINTER.NS,ATNINTER
ATUL.NS,ATUL
ATULAUTO.NS,ATULAUTO
AUBANK.NS,AUBANK
AURDIS.NS,AURDIS
AURIONPRO.NS,AURIONPRO
AUROIMPEX.NS,AUROIMPEX
AUROPHARMA.NS,AUROPHARMA
AURUM.NS,AURUM
AUSL.NS,AUSL
AUSOMENT.NS,AUSOMENT
AUTOAXLES.NS,AUTOAXLES
AUTOIND.NS,AUTOIND
AVADHSUGAR.NS,AVADHSUGAR
AVALON.NS,AVALON
AVANTEL.NS,AVANTEL
AVANTIFEED.NS,AVANTIFEED
AVG.NS,AVG
AVIANSH.NS,AVIANSH
AVL.NS,AVL
AVONMORE.NS,AVONMORE
AVPINFRA.NS,AVPINFRA
AVROIND.NS,AVROIND
AVSL.NS,AVSL
AVTNPL.NS,AVTNPL
AWFIS.NS,AWFIS
AWHCL.NS,AWHCL
AWL.NS,AWL
AXISBANK.NS,AXISBANK
AXISCADES.NS,AXISCADES
AXITA.NS,AXITA
AYMSYNTEX.NS,AYMSYNTEX
AZAD.NS,AZAD
BABAFP.NS,BABAFP
BAFNAPH.NS,BAFNAPH
BAGFILMS.NS,BAGFILMS
BAHETI.NS,BAHETI
BAIDFIN.NS,BAIDFIN
BAJAJ-AUTO.NS,BAJAJ-AUTO
BAJAJCON.NS,BAJAJCON
BAJAJELEC.NS,BAJAJELEC
BAJAJFINSV.NS,BAJAJFINSV
BAJAJHCARE.NS,BAJAJHCARE
BAJAJHFL.NS,BAJAJHFL
BAJAJHIND.NS,BAJAJHIND
BAJAJHLDNG.NS,BAJAJHLDNG
BAJEL.NS,BAJEL
BAJFINANCE.NS,BAJFINANCE
BALAJEE.NS,BALAJEE
BALAJITELE.NS,BALAJITELE
BALAMINES.NS,BALAMINES
BALAXI.NS,BALAXI
BALCO.NS,BALCO
BALKRISHNA.NS,BALKRISHNA
BALKRISIND.NS,BALKRISIND
BALLARPUR.NS,BALLARPUR
BALMLAWRIE.NS,BALMLAWRIE
BALPHARMA.NS,BALPHARMA
BALRAMCHIN.NS,BALRAMCHIN
BALUFORGE.NS,BALUFORGE
BANARBEADS.NS,BANARBEADS
BANARISUG.NS,BANARISUG
BANCOINDIA.NS,BANCOINDIA
BANDHANBNK.NS,BANDHANBNK
BANG.NS,BANG
BANKA.NS,BANKA
BANKBARODA.NS,BANKBARODA
BANKINDIA.NS,BANKINDIA
BANSAL.NS,BANSAL
BANSALWIRE.NS,BANSALWIRE
BANSWRAS.NS,BANSWRAS
BARBEQUE.NS,BARBEQUE
BASF.NS,BASF
BASILIC.NS,BASILIC
BASML.NS,BASML
BATAINDIA.NS,BATAINDIA
BAWEJA.NS,BAWEJA
BBL.NS,BBL
BBOX.NS,BBOX
BBTC.NS,BBTC
BBTCL.NS,BBTCL
BCG.NS,BCG
BCLIND.NS,BCLIND
BCONCEPTS.NS,BCONCEPTS
BDL.NS,BDL
BDR.NS,BDR
BEACON.NS,BEACON
BEARDSELL.NS,BEARDSELL
BECTORFOOD.NS,BECTORFOOD
BEDMUTHA.NS,BEDMUTHA
BEL.NS,BEL
BEML.NS,BEML
BEPL.NS,BEPL
BERGEPAINT.NS,BERGEPAINT
BESTAGRO.NS,BESTAGRO
BETA.NS,BETA
BEWLTD.NS,BEWLTD
BFINVEST.NS,BFINVEST
BFUTILITIE.NS,BFUTILITIE
BGLOBAL.NS,BGLOBAL
BGRENERGY.NS,BGRENERGY
BHAGCHEM.NS,BHAGCHEM
BHAGERIA.NS,BHAGERIA
BHAGYANGR.NS,BHAGYANGR
BHALCHANDR.NS,BHALCHANDR
BHANDARI.NS,BHANDARI
BHARATFORG.NS,BHARATFORG
BHARATGEAR.NS,BHARATGEAR
BHARATIDIL.NS,BHARATIDIL
BHARATRAS.NS,BHARATRAS
BHARATWIRE.NS,BHARATWIRE
BHARTIARTL.NS,BHARTIARTL
BHARTIHEXA.NS,BHARTIHEXA
BHEL.NS,BHEL
BIGBLOC.NS,BIGBLOC
BIKAJI.NS,BIKAJI
BIKEWO.NS,BIKEWO
BIL.NS,BIL
BILENERGY.NS,BILENERGY
BINANIIND.NS,BINANIIND
BIOCON.NS,BIOCON
BIOFILCHEM.NS,BIOFILCHEM
BIRDYS.NS,BIRDYS
BIRLACABLE.NS,BIRLACABLE
BIRLACORPN.NS,BIRLACORPN
BIRLAMONEY.NS,BIRLAMONEY
BKMINDST.NS,BKMINDST
BLACKBUCK.NS,BLACKBUCK
BLAL.NS,BLAL
BLBLIMITED.NS,BLBLIMITED
BLISSGVS.NS,BLISSGVS
BLKASHYAP.NS,BLKASHYAP
BLS.NS,BLS
BLSE.NS,BLSE
BLUEBLENDS.NS,BLUEBLENDS
BLUECHIP.NS,BLUECHIP
BLUECOAST.NS,BLUECOAST
BLUEDART.NS,BLUEDART
BLUEJET.NS,BLUEJET
BLUEPEBBLE.NS,BLUEPEBBLE
BLUESTARCO.NS,BLUESTARCO
BMETRICS.NS,BMETRICS
BODALCHEM.NS,BODALCHEM
BOHRAIND.NS,BOHRAIND
BOMDYEING.NS,BOMDYEING
BOROLTD.NS,BOROLTD
BORORENEW.NS,BORORENEW
BOROSCI.NS,BOROSCI
BOSCHLTD.NS,BOSCHLTD
BOSS.NS,BOSS
BPCL.NS,BPCL
BPL.NS,BPL
BRACEPORT.NS,BRACEPORT
BRFL.NS,BRFL
BRIGADE.NS,BRIGADE
BRIGHT.NS,BRIGHT
BRITANNIA.NS,BRITANNIA
BRNL.NS,BRNL
BROOKS.NS,BROOKS
BSE.NS,BSE
BSHSL.NS,BSHSL
BSL.NS,BSL
BSOFT.NS,BSOFT
BTML.NS,BTML
BULKCORP.NS,BULKCORP
BURNPUR.NS,BURNPUR
BUTTERFLY.NS,BUTTERFLY
BVCL.NS,BVCL
BYKE.NS,BYKE
C2C.NS,C2C
CADSYS.NS,CADSYS
CALSOFT.NS,CALSOFT
CAMLINFINE.NS,CAMLINFINE
CAMPUS.NS,CAMPUS
CAMS.NS,CAMS
CANARYS.NS,CANARYS
CANBK.NS,CANBK
CANDC.NS,CANDC
CANFINHOME.NS,CANFINHOME
CANTABIL.NS,CANTABIL
CAPACITE.NS,CAPACITE
CAPITALSFB.NS,CAPITALSFB
CAPLIPOINT.NS,CAPLIPOINT
CAPTRUST.NS,CAPTRUST
CARBORUNIV.NS,CARBORUNIV
CAREERP.NS,CAREERP
CARERATING.NS,CARERATING
CARRARO.NS,CARRARO
CARTRADE.NS,CARTRADE
CARYSIL.NS,CARYSIL
CASTROLIND.NS,CASTROLIND
CBAZAAR.NS,CBAZAAR
CCCL.NS,CCCL
CCHHL.NS,CCHHL
CCL.NS,CCL
CDSL.NS,CDSL
CEATLTD.NS,CEATLTD
CEIGALL.NS,CEIGALL
CELEBRITY.NS,CELEBRITY
CELLECOR.NS,CELLECOR
CELLO.NS,CELLO
CELLPOINT.NS,CELLPOINT
CENTENKA.NS,CENTENKA
CENTEXT.NS,CENTEXT
CENTRALBK.NS,CENTRALBK
CENTRUM.NS,CENTRUM
CENTUM.NS,CENTUM
CENTURYPLY.NS,CENTURYPLY
CERA.NS,CERA
CEREBRAINT.NS,CEREBRAINT
CESC.NS,CESC
CEWATER.NS,CEWATER
CGCL.NS,CGCL
CGPOWER.NS,CGPOWER
CGRAPHICS.NS,CGRAPHICS
CHALET.NS,CHALET
CHAMBLFERT.NS,CHAMBLFERT
CHAVDA.NS,CHAVDA
CHEMBOND.NS,CHEMBOND
CHEMCON.NS,CHEMCON
CHEMFAB.NS,CHEMFAB
CHEMPLASTS.NS,CHEMPLASTS
CHENNPETRO.NS,CHENNPETRO
CHETANA.NS,CHETANA
CHEVIOT.NS,CHEVIOT
CHOICEIN.NS,CHOICEIN
CHOLAFIN.NS,CHOLAFIN
CHOLAHLDNG.NS,CHOLAHLDNG
CIEINDIA.NS,CIEINDIA
CIGNITITEC.NS,CIGNITITEC
CINELINE.NS,CINELINE
CINEVISTA.NS,CINEVISTA
CIPLA.NS,CIPLA
CKFSL.NS,CKFSL
CLEAN.NS,CLEAN
CLEDUCATE.NS,CLEDUCATE
CLOUD.NS,CLOUD
CLSEL.NS,CLSEL
CLSL.NS,CLSL
CMICABLES.NS,CMICABLES
CMMIPL.NS,CMMIPL
CMNL.NS,CMNL
CMRSL.NS,CMRSL
CMSINFO.NS,CMSINFO
COALINDIA.NS,COALINDIA
COASTCORP.NS,COASTCORP
COCHINSHIP.NS,COCHINSHIP
COFFEEDAY.NS,COFFEEDAY
COFORGE.NS,COFORGE
COLPAL.NS,COLPAL
COMMITTED.NS,COMMITTED
COMPINFO.NS,COMPINFO
COMPUSOFT.NS,COMPUSOFT
COMSYN.NS,COMSYN
CONCOR.NS,CONCOR
CONCORDBIO.NS,CONCORDBIO
CONFIPET.NS,CONFIPET
CONSOFINVT.NS,CONSOFINVT
CONTI.NS,CONTI
CONTROLPR.NS,CONTROLPR
COOLCAPS.NS,COOLCAPS
CORALFINAC.NS,CORALFINAC
CORDSCABLE.NS,CORDSCABLE
COROMANDEL.NS,COROMANDEL
COSMOFIRST.NS,COSMOFIRST
COUNCODOS.NS,COUNCODOS
CPS.NS,CPS
CRAFTSMAN.NS,CRAFTSMAN
CRAYONS.NS,CRAYONS
CREATIVE.NS,CREATIVE
CREATIVEYE.NS,CREATIVEYE
CREDITACC.NS,CREDITACC
CREST.NS,CREST
CRISIL.NS,CRISIL
CROMPTON.NS,CROMPTON
CROWN.NS,CROWN
CSBBANK.NS,CSBBANK
CSLFINANCE.NS,CSLFINANCE
CTE.NS,CTE
CUB.NS,CUB
CUBEXTUB.NS,CUBEXTUB
CUMMINSIND.NS,CUMMINSIND
CUPID.NS,CUPID
CURATECH.NS,CURATECH
CYBERMEDIA.NS,CYBERMEDIA
CYBERTECH.NS,CYBERTECH
CYIENT.NS,CYIENT
CYIENTDLM.NS,CYIENTDLM
DABUR.NS,DABUR
DALBHARAT.NS,DALBHARAT
DALMIASUG.NS,DALMIASUG
DAMCAPITAL.NS,DAMCAPITAL
DAMODARIND.NS,DAMODARIND
DANGEE.NS,DANGEE
DANISH.NS,DANISH
DATAMATICS.NS,DATAMATICS
DATAPATTNS.NS,DATAPATTNS
DAVANGERE.NS,DAVANGERE
DBCORP.NS,DBCORP
DBEIL.NS,DBEIL
DBL.NS,DBL
DBOL.NS,DBOL
DBREALTY.NS,DBREALTY
DBSTOCKBRO.NS,DBSTOCKBRO
DCAL.NS,DCAL
DCBBANK.NS,DCBBANK
DCG.NS,DCG
DCI.NS,DCI
DCM.NS,DCM
DCMFINSERV.NS,DCMFINSERV
DCMNVL.NS,DCMNVL
DCMSHRIRAM.NS,DCMSHRIRAM
DCMSRIND.NS,DCMSRIND
DCW.NS,DCW
DCXINDIA.NS,DCXINDIA
DECCANCE.NS,DECCANCE
DECCANTRAN.NS,DECCANTRAN
DEEDEV.NS,DEEDEV
DEEM.NS,DEEM
DEEPAKFERT.NS,DEEPAKFERT
DEEPAKNTR.NS,DEEPAKNTR
DEEPENR.NS,DEEPENR
DEEPINDS.NS,DEEPINDS
DELAPLEX.NS,DELAPLEX
DELHIVERY.NS,DELHIVERY
DELPHIFX.NS,DELPHIFX
DELTACORP.NS,DELTACORP
DELTAMAGNT.NS,DELTAMAGNT
DEN.NS,DEN
DENEERS.NS,DENEERS
DENORA.NS,DENORA
DENTALKART.NS,DENTALKART
DESTINY.NS,DESTINY
DEVIT.NS,DEVIT
DEVYANI.NS,DEVYANI
DGCONTENT.NS,DGCONTENT
DHAMPURSUG.NS,DHAMPURSUG
DHANBANK.NS,DHANBANK
DHANI.NS,DHANI
DHANLAXMI.NS,DHANLAXMI
DHANUKA.NS,DHANUKA
DHARIWAL.NS,DHARIWAL
DHARMAJ.NS,DHARMAJ
DHARSUGAR.NS,DHARSUGAR
DHRUV.NS,DHRUV
DHTL.NS,DHTL
DHUNINV.NS,DHUNINV
DIACABS.NS,DIACABS
DIAMINESQ.NS,DIAMINESQ
DIAMONDYD.NS,DIAMONDYD
DICIND.NS,DICIND
DIFFNKG.NS,DIFFNKG
DIGIDRIVE.NS,DIGIDRIVE
DIGIKORE.NS,DIGIKORE
DIGISPICE.NS,DIGISPICE
DIGJAMLMTD.NS,DIGJAMLMTD
DIL.NS,DIL
DISHTV.NS,DISHTV
DIVGIITTS.NS,DIVGIITTS
DIVISLAB.NS,DIVISLAB
DIVYADHAN.NS,DIVYADHAN
DIXON.NS,DIXON
DJML.NS,DJML
DKEGL.NS,DKEGL
DLF.NS,DLF
DLINKINDIA.NS,DLINKINDIA
DMART.NS,DMART
DMCC.NS,DMCC
DNAMEDIA.NS,DNAMEDIA
DODLA.NS,DODLA
DOLATALGO.NS,DOLATALGO
DOLLAR.NS,DOLLAR
DOLLEX.NS,DOLLEX
DOLPHIN.NS,DOLPHIN
DOMS.NS,DOMS
DONEAR.NS,DONEAR
DPABHUSHAN.NS,DPABHUSHAN
DPEL.NS,DPEL
DPSCLTD.NS,DPSCLTD
DPWIRES.NS,DPWIRES
DQE.NS,DQE
DRCSYSTEMS.NS,DRCSYSTEMS
DREAMFOLKS.NS,DREAMFOLKS
DREDGECORP.NS,DREDGECORP
DRL.NS,DRL
DRONE.NS,DRONE
DRREDDY.NS,DRREDDY
DRSCARGO.NS,DRSCARGO
DRSDILIP.NS,DRSDILIP
DSKULKARNI.NS,DSKULKARNI
DSSL.NS,DSSL
DTIL.NS,DTIL
DTL.NS,DTL
DUCOL.NS,DUCOL
DUCON.NS,DUCON
DUGLOBAL.NS,DUGLOBAL
DURLAX.NS,DURLAX
DVL.NS,DVL
DWARKESH.NS,DWARKESH
DYCL.NS,DYCL
DYNAMATECH.NS,DYNAMATECH
DYNAMIC.NS,DYNAMIC
DYNPRO.NS,DYNPRO
E2E.NS,E2E
EASEMYTRIP.NS,EASEMYTRIP
EASTSILK.NS,EASTSILK
EASUNREYRL.NS,EASUNREYRL
ECLERX.NS,ECLERX
ECOSMOBLTY.NS,ECOSMOBLTY
EDELWEISS.NS,EDELWEISS
EDUCOMP.NS,EDUCOMP
EFACTOR.NS,EFACTOR
EFFWA.NS,EFFWA
EFORCE.NS,EFORCE
EICHERMOT.NS,EICHERMOT
EIDPARRY.NS,EIDPARRY
EIEL.NS,EIEL
EIFFL.NS,EIFFL
EIHAHOTELS.NS,EIHAHOTELS
EIHOTEL.NS,EIHOTEL
EIMCOELECO.NS,EIMCOELECO
EKC.NS,EKC
ELDEHSG.NS,ELDEHSG
ELECON.NS,ELECON
ELECTCAST.NS,ELECTCAST
ELECTHERM.NS,ELECTHERM
ELGIEQUIP.NS,ELGIEQUIP
ELGIRUBCO.NS,ELGIRUBCO
ELIN.NS,ELIN
EMAMILTD.NS,EMAMILTD
EMAMIPAP.NS,EMAMIPAP
EMAMIREAL.NS,EMAMIREAL
EMBDL.NS,EMBDL
EMCURE.NS,EMCURE
EMIL.NS,EMIL
EMKAY.NS,EMKAY
EMKAYTOOLS.NS,EMKAYTOOLS
EMMBI.NS,EMMBI
EMMIL.NS,EMMIL
EMSLIMITED.NS,EMSLIMITED
EMUDHRA.NS,EMUDHRA
ENDURANCE.NS,ENDURANCE
ENERGYDEV.NS,ENERGYDEV
ENFUSE.NS,ENFUSE
ENGINERSIN.NS,ENGINERSIN
ENIL.NS,ENIL
ENSER.NS,ENSER
ENTERO.NS,ENTERO
ENVIRO.NS,ENVIRO
EON.NS,EON
EPACK.NS,EPACK
EPIGRAL.NS,EPIGRAL
EPL.NS,EPL
EQUIPPP.NS,EQUIPPP
EQUITASBNK.NS,EQUITASBNK
ERIS.NS,ERIS
EROSMEDIA.NS,EROSMEDIA
ESABINDIA.NS,ESABINDIA
ESAFSFB.NS,ESAFSFB
ESCONET.NS,ESCONET
ESCORTS.NS,ESCORTS
ESFL.NS,ESFL
ESPRIT.NS,ESPRIT
ESSARSHPNG.NS,ESSARSHPNG
ESSENTIA.NS,ESSENTIA
ESTER.NS,ESTER
ETHOSLTD.NS,ETHOSLTD
ETML.NS,ETML
EUREKAFORB.NS,EUREKAFORB
EUROBOND.NS,EUROBOND
EUROCERA.NS,EUROCERA
EUROMULTI.NS,EUROMULTI
EUROTEXIND.NS,EUROTEXIND
EVEREADY.NS,EVEREADY
EVERESTIND.NS,EVERESTIND
EXCEL.NS,EXCEL
EXCELINDUS.NS,EXCELINDUS
EXCELLENT.NS,EXCELLENT
EXICOM.NS,EXICOM
EXIDEIND.NS,EXIDEIND
EXPLEOSOL.NS,EXPLEOSOL
EXXARO.NS,EXXARO
FACT.NS,FACT
FAIRCHEMOR.NS,FAIRCHEMOR
FALCONTECH.NS,FALCONTECH
FAZE3Q.NS,FAZE3Q
FCL.NS,FCL
FCONSUMER.NS,FCONSUMER
FCSSOFT.NS,FCSSOFT
FDC.NS,FDC
FEDDERELEC.NS,FEDDERELEC
FEDERALBNK.NS,FEDERALBNK
FEDFINA.NS,FEDFINA
FEL.NS,FEL
FELIX.NS,FELIX
FIBERWEB.NS,FIBERWEB
FIDEL.NS,FIDEL
FIEMIND.NS,FIEMIND
FILATEX.NS,FILATEX
FILATFASH.NS,FILATFASH
FINCABLES.NS,FINCABLES
FINEORG.NS,FINEORG
FINOPB.NS,FINOPB
FINPIPE.NS,FINPIPE
FIRSTCRY.NS,FIRSTCRY
FIVECORE.NS,FIVECORE
FIVESTAR.NS,FIVESTAR
FLAIR.NS,FLAIR
FLEXITUFF.NS,FLEXITUFF
FLFL.NS,FLFL
FLUOROCHEM.NS,FLUOROCHEM
FMGOETZE.NS,FMGOETZE
FMNL.NS,FMNL
FOCE.NS,FOCE
FOCUS.NS,FOCUS
FONEBOX.NS,FONEBOX
FOODSIN.NS,FOODSIN
FORCAS.NS,FORCAS
FORCEMOT.NS,FORCEMOT
FORGEAUTO.NS,FORGEAUTO
FORTIS.NS,FORTIS
FOSECOIND.NS,FOSECOIND
FRESHARA.NS,FRESHARA
FRETAIL.NS,FRETAIL
FROG.NS,FROG
FSC.NS,FSC
FSL.NS,FSL
FUSION.NS,FUSION
GABRIEL.NS,GABRIEL
GAEL.NS,GAEL
GAIL.NS,GAIL
GAJANAND.NS,GAJANAND
GALAPREC.NS,GALAPREC
GALAXYSURF.NS,GALAXYSURF
GALLANTT.NS,GALLANTT
GANDHAR.NS,GANDHAR
GANDHITUBE.NS,GANDHITUBE
GANECOS.NS,GANECOS
GANESHBE.NS,GANESHBE
GANESHHOUC.NS,GANESHHOUC
GANESHIN.NS,GANESHIN
GANGAFORGE.NS,GANGAFORGE
GANGESSECU.NS,GANGESSECU
GANGOTRI.NS,GANGOTRI
GARFIBRES.NS,GARFIBRES
GARUDA.NS,GARUDA
GATECH.NS,GATECH
GATEWAY.NS,GATEWAY
GAYAHWS.NS,GAYAHWS
GAYAPROJ.NS,GAYAPROJ
GBGLOBAL.NS,GBGLOBAL
GEECEE.NS,GEECEE
GEEKAYWIRE.NS,GEEKAYWIRE
GENCON.NS,GENCON
GENESYS.NS,GENESYS
GENSOL.NS,GENSOL
GENUSPAPER.NS,GENUSPAPER
GENUSPOWER.NS,GENUSPOWER
GEOJITFSL.NS,GEOJITFSL
GEPIL.NS,GEPIL
GESHIP.NS,GESHIP
GFLLIMITED.NS,GFLLIMITED
GFSTEELS.NS,GFSTEELS
GGBL.NS,GGBL
GHCL.NS,GHCL
GHCLTEXTIL.NS,GHCLTEXTIL
GICHSGFIN.NS,GICHSGFIN
GICL.NS,GICL
GICRE.NS,GICRE
GILLANDERS.NS,GILLANDERS
GILLETTE.NS,GILLETTE
GINNIFILA.NS,GINNIFILA
GIPCL.NS,GIPCL
GIRIRAJ.NS,GIRIRAJ
GIRRESORTS.NS,GIRRESORTS
GITANJALI.NS,GITANJALI
GKWLIMITED.NS,GKWLIMITED
GLAND.NS,GLAND
GLAXO.NS,GLAXO
GLENMARK.NS,GLENMARK
GLFL.NS,GLFL
GLOBAL.NS,GLOBAL
GLOBALE.NS,GLOBALE
GLOBALPET.NS,GLOBALPET
GLOBALVECT.NS,GLOBALVECT
GLOBE.NS,GLOBE
GLOBUSSPR.NS,GLOBUSSPR
GLOSTERLTD.NS,GLOSTERLTD
GLS.NS,GLS
GMBREW.NS,GMBREW
GMDCLTD.NS,GMDCLTD
GMMPFAUDLR.NS,GMMPFAUDLR
GMRAIRPORT.NS,GMRAIRPORT
GMRP&UI.NS,GMRP&UI
GNA.NS,GNA
GNFC.NS,GNFC
GOACARBON.NS,GOACARBON
GOCLCORP.NS,GOCLCORP
GOCOLORS.NS,GOCOLORS
GODAVARIB.NS,GODAVARIB
GODFRYPHLP.NS,GODFRYPHLP
GODHA.NS,GODHA
GODIGIT.NS,GODIGIT
GODREJAGRO.NS,GODREJAGRO
GODREJCP.NS,GODREJCP
GODREJIND.NS,GODREJIND
GODREJPROP.NS,GODREJPROP
GOENKA.NS,GOENKA
GOKEX.NS,GOKEX
GOKUL.NS,GOKUL
GOKULAGRO.NS,GOKULAGRO
GOLDENTOBC.NS,GOLDENTOBC
GOLDIAM.NS,GOLDIAM
GOLDKART.NS,GOLDKART
GOLDSTAR.NS,GOLDSTAR
GOLDTECH.NS,GOLDTECH
GOODLUCK.NS,GOODLUCK
GOPAL.NS,GOPAL
GOYALALUM.NS,GOYALALUM
GOYALSALT.NS,GOYALSALT
GPECO.NS,GPECO
GPIL.NS,GPIL
GPPL.NS,GPPL
GPTHEALTH.NS,GPTHEALTH
GPTINFRA.NS,GPTINFRA
GRANULES.NS,GRANULES
GRAPHISAD.NS,GRAPHISAD
GRAPHITE.NS,GRAPHITE
GRASIM.NS,GRASIM
GRAVITA.NS,GRAVITA
GRCL.NS,GRCL
GREAVESCOT.NS,GREAVESCOT
GREENCHEF.NS,GREENCHEF
GREENLAM.NS,GREENLAM
GREENPANEL.NS,GREENPANEL
GREENPLY.NS,GREENPLY
GREENPOWER.NS,GREENPOWER
GRETEX.NS,GRETEX
GRINDWELL.NS,GRINDWELL
GRINFRA.NS,GRINFRA
GRMOVER.NS,GRMOVER
GROBTEA.NS,GROBTEA
GRPLTD.NS,GRPLTD
GRSE.NS,GRSE
GRWRHITECH.NS,GRWRHITECH
GSFC.NS,GSFC
GSLSU.NS,GSLSU
GSMFOILS.NS,GSMFOILS
GSPL.NS,GSPL
GSS.NS,GSS
GSTL.NS,GSTL
GTECJAINX.NS,GTECJAINX
GTL.NS,GTL
GTLINFRA.NS,GTLINFRA
GTPL.NS,GTPL
GUFICBIO.NS,GUFICBIO
GUJALKALI.NS,GUJALKALI
GUJAPOLLO.NS,GUJAPOLLO
GUJGASLTD.NS,GUJGASLTD
GUJRAFFIA.NS,GUJRAFFIA
GULFOILLUB.NS,GULFOILLUB
GULFPETRO.NS,GULFPETRO
GULPOLY.NS,GULPOLY
GVKPIL.NS,GVKPIL
GVPTECH.NS,GVPTECH
GVT&D.NS,GVT&D
HAL.NS,HAL
HAPPSTMNDS.NS,HAPPSTMNDS
HAPPYFORGE.NS,HAPPYFORGE
HARDWYN.NS,HARDWYN
HARIOMPIPE.NS,HARIOMPIPE
HARRMALAYA.NS,HARRMALAYA
HARSHA.NS,HARSHA
HATHWAY.NS,HATHWAY
HATSUN.NS,HATSUN
HAVELLS.NS,HAVELLS
HAVISHA.NS,HAVISHA
HBLENGINE.NS,HBLENGINE
HBSL.NS,HBSL
HCC.NS,HCC
HCG.NS,HCG
HCL-INSYS.NS,HCL-INSYS
HCLTECH.NS,HCLTECH
HDFCAMC.NS,HDFCAMC
HDFCBANK.NS,HDFCBANK
HDFCLIFE.NS,HDFCLIFE
HDIL.NS,HDIL
HEADSUP.NS,HEADSUP
HECPROJECT.NS,HECPROJECT
HEG.NS,HEG
HEIDELBERG.NS,HEIDELBERG
HEMIPROP.NS,HEMIPROP
HERANBA.NS,HERANBA
HERCULES.NS,HERCULES
HERITGFOOD.NS,HERITGFOOD
HEROMOTOCO.NS,HEROMOTOCO
HESTERBIO.NS,HESTERBIO
HEUBACHIND.NS,HEUBACHIND
HEXATRADEX.NS,HEXATRADEX
HFCL.NS,HFCL
HGINFRA.NS,HGINFRA
HGS.NS,HGS
HIGREEN.NS,HIGREEN
HIKAL.NS,HIKAL
HIL.NS,HIL
HILTON.NS,HILTON
HIMATSEIDE.NS,HIMATSEIDE
HINDALCO.NS,HINDALCO
HINDCOMPOS.NS,HINDCOMPOS
HINDCON.NS,HINDCON
HINDCOPPER.NS,HINDCOPPER
HINDMOTORS.NS,HINDMOTORS
HINDNATGLS.NS,HINDNATGLS
HINDOILEXP.NS,HINDOILEXP
HINDPETRO.NS,HINDPETRO
HINDUNILVR.NS,HINDUNILVR
HINDWAREAP.NS,HINDWAREAP
HINDZINC.NS,HINDZINC
HIRECT.NS,HIRECT
HISARMETAL.NS,HISARMETAL
HITECH.NS,HITECH
HITECHCORP.NS,HITECHCORP
HITECHGEAR.NS,HITECHGEAR
HLEGLAS.NS,HLEGLAS
HLVLTD.NS,HLVLTD
HMAAGRO.NS,HMAAGRO
HMT.NS,HMT
HMVL.NS,HMVL
HNDFDS.NS,HNDFDS
HOACFOODS.NS,HOACFOODS
HOLMARC.NS,HOLMARC
HOMEFIRST.NS,HOMEFIRST
HOMESFY.NS,HOMESFY
HONASA.NS,HONASA
HONAUT.NS,HONAUT
HONDAPOWER.NS,HONDAPOWER
HOVS.NS,HOVS
HPAL.NS,HPAL
HPIL.NS,HPIL
HPL.NS,HPL
HRHNEXT.NS,HRHNEXT
HSCL.NS,HSCL
HTMEDIA.NS,HTMEDIA
HUBTOWN.NS,HUBTOWN
HUDCO.NS,HUDCO
HUHTAMAKI.NS,HUHTAMAKI
HVAX.NS,HVAX
HYBRIDFIN.NS,HYBRIDFIN
HYUNDAI.NS,HYUNDAI
IBLFL.NS,IBLFL
ICDSLTD.NS,ICDSLTD
ICEMAKE.NS,ICEMAKE
ICICIBANK.NS,ICICIBANK
ICICIGI.NS,ICICIGI
ICICIPRULI.NS,ICICIPRULI
ICIL.NS,ICIL
ICRA.NS,ICRA
ICSA.NS,ICSA
IDBI.NS,IDBI
IDEA.NS,IDEA
IDEAFORGE.NS,IDEAFORGE
IDEALTECHO.NS,IDEALTECHO
IDENTICAL.NS,IDENTICAL
IDFC.NS,IDFC
IDFCFIRSTB.NS,IDFCFIRSTB
IEL.NS,IEL
IEML.NS,IEML
IEX.NS,IEX
IFBAGRO.NS,IFBAGRO
IFBIND.NS,IFBIND
IFCI.NS,IFCI
IFGLEXPOR.NS,IFGLEXPOR
IGARASHI.NS,IGARASHI
IGIL.NS,IGIL
IGL.NS,IGL
IGPL.NS,IGPL
IIFL.NS,IIFL
IIFLCAPS.NS,IIFLCAPS
IITL.NS,IITL
IKIO.NS,IKIO
IKS.NS,IKS
IL&FSENGG.NS,IL&FSENGG
IL&FSTRANS.NS,IL&FSTRANS
IMAGICAA.NS,IMAGICAA
IMFA.NS,IMFA
IMPAL.NS,IMPAL
IMPEXFERRO.NS,IMPEXFERRO
INCREDIBLE.NS,INCREDIBLE
INDBANK.NS,INDBANK
INDGN.NS,INDGN
INDHOTEL.NS,INDHOTEL
INDIACEM.NS,INDIACEM
INDIAGLYCO.NS,INDIAGLYCO
INDIAMART.NS,INDIAMART
INDIANB.NS,INDIANB
INDIANCARD.NS,INDIANCARD
INDIANHUME.NS,INDIANHUME
INDIASHLTR.NS,INDIASHLTR
INDIFRA.NS,INDIFRA
INDIGO.NS,INDIGO
INDIGOPNTS.NS,INDIGOPNTS
INDLMETER.NS,INDLMETER
INDNIPPON.NS,INDNIPPON
INDOAMIN.NS,INDOAMIN
INDOBORAX.NS,INDOBORAX
INDOCO.NS,INDOCO
INDORAMA.NS,INDORAMA
INDOSOLAR.NS,INDOSOLAR
INDOSTAR.NS,INDOSTAR
INDOTECH.NS,INDOTECH
INDOTHAI.NS,INDOTHAI
INDOUS.NS,INDOUS
INDOWIND.NS,INDOWIND
INDRAMEDCO.NS,INDRAMEDCO
INDSWFTLAB.NS,INDSWFTLAB
INDSWFTLTD.NS,INDSWFTLTD
INDTERRAIN.NS,INDTERRAIN
INDUSFILA.NS,INDUSFILA
INDUSINDBK.NS,INDUSINDBK
INDUSTOWER.NS,INDUSTOWER
INFIBEAM.NS,INFIBEAM
INFINIUM.NS,INFINIUM
INFOBEAN.NS,INFOBEAN
INFOLLION.NS,INFOLLION
INFOMEDIA.NS,INFOMEDIA
INFY.NS,INFY
INGERRAND.NS,INGERRAND
INM.NS,INM
INNOMET.NS,INNOMET
INNOVACAP.NS,INNOVACAP
INNOVANA.NS,INNOVANA
INOXGREEN.NS,INOXGREEN
INOXINDIA.NS,INOXINDIA
INOXWIND.NS,INOXWIND
INSECTICID.NS,INSECTICID
INSPIRE.NS,INSPIRE
INSPIRISYS.NS,INSPIRISYS
INTELLECT.NS,INTELLECT
INTENTECH.NS,INTENTECH
INTERARCH.NS,INTERARCH
INTLCONV.NS,INTLCONV
INVENTURE.NS,INVENTURE
IOB.NS,IOB
IOC.NS,IOC
IOLCP.NS,IOLCP
IONEXCHANG.NS,IONEXCHANG
IPCALAB.NS,IPCALAB
IPHL.NS,IPHL
IPL.NS,IPL
IPSL.NS,IPSL
IRB.NS,IRB
IRCON.NS,IRCON
IRCTC.NS,IRCTC
IREDA.NS,IREDA
IRFC.NS,IRFC
IRIS.NS,IRIS
IRISDOREME.NS,IRISDOREME
IRMENERGY.NS,IRMENERGY
ISEC.NS,ISEC
ISFT.NS,ISFT
ISGEC.NS,ISGEC
ISHAN.NS,ISHAN
ISMTLTD.NS,ISMTLTD
ITALIANE.NS,ITALIANE
ITC.NS,ITC
ITDC.NS,ITDC
ITDCEM.NS,ITDCEM
ITI.NS,ITI
ITTL.NS,ITTL
IVC.NS,IVC
IVP.NS,IVP
IVRCLINFRA.NS,IVRCLINFRA
IWEL.NS,IWEL
IXIGO.NS,IXIGO
IZMO.NS,IZMO
J&KBANK.NS,J&KBANK
JAGRAN.NS,JAGRAN
JAGSNPHARM.NS,JAGSNPHARM
JAIBALAJI.NS,JAIBALAJI
JAICORPLTD.NS,JAICORPLTD
JAINAM.NS,JAINAM
JAINSTUDIO.NS,JAINSTUDIO
JAIPURKURT.NS,JAIPURKURT
JAKHARIA.NS,JAKHARIA
JALAN.NS,JALAN
JAMNAAUTO.NS,JAMNAAUTO
JASH.NS,JASH
JAYAGROGN.NS,JAYAGROGN
JAYBARMARU.NS,JAYBARMARU
JAYBEE.NS,JAYBEE
JAYNECOIND.NS,JAYNECOIND
JAYSREETEA.NS,JAYSREETEA
JBCHEPHARM.NS,JBCHEPHARM
JBFIND.NS,JBFIND
JBMA.NS,JBMA
JCHAC.NS,JCHAC
JETAIRWAYS.NS,JETAIRWAYS
JETFREIGHT.NS,JETFREIGHT
JETKNIT.NS,JETKNIT
JEYYAM.NS,JEYYAM
JFLLIFE.NS,JFLLIFE
JGCHEM.NS,JGCHEM
JHS.NS,JHS
JINDALPHOT.NS,JINDALPHOT
JINDALPOLY.NS,JINDALPOLY
JINDALSAW.NS,JINDALSAW
JINDALSTEL.NS,JINDALSTEL
JINDRILL.NS,JINDRILL
JINDWORLD.NS,JINDWORLD
JIOFIN.NS,JIOFIN
JISLJALEQS.NS,JISLJALEQS
JITFINFRA.NS,JITFINFRA
JIWANRAM.NS,JIWANRAM
JKCEMENT.NS,JKCEMENT
JKIL.NS,JKIL
JKLAKSHMI.NS,JKLAKSHMI
JKPAPER.NS,JKPAPER
JKTYRE.NS,JKTYRE
JLHL.NS,JLHL
JMA.NS,JMA
JMFINANCIL.NS,JMFINANCIL
JNKINDIA.NS,JNKINDIA
JOCIL.NS,JOCIL
JPASSOCIAT.NS,JPASSOCIAT
JPINFRATEC.NS,JPINFRATEC
JPOLYINVST.NS,JPOLYINVST
JPPOWER.NS,JPPOWER
JSFB.NS,JSFB
JSL.NS,JSL
JSLL.NS,JSLL
JSWENERGY.NS,JSWENERGY
JSWHL.NS,JSWHL
JSWINFRA.NS,JSWINFRA
JSWSTEEL.NS,JSWSTEEL
JTEKTINDIA.NS,JTEKTINDIA
JTLIND.NS,JTLIND
JUBLFOOD.NS,JUBLFOOD
JUBLINDS.NS,JUBLINDS
JUBLINGREA.NS,JUBLINGREA
JUBLPHARMA.NS,JUBLPHARMA
JUNIPER.NS,JUNIPER
JUSTDIAL.NS,JUSTDIAL
JWL.NS,JWL
JYOTHYLAB.NS,JYOTHYLAB
JYOTICNC.NS,JYOTICNC
JYOTISTRUC.NS,JYOTISTRUC
K2INFRA.NS,K2INFRA
KABRAEXTRU.NS,KABRAEXTRU
KAJARIACER.NS,KAJARIACER
KAKATCEM.NS,KAKATCEM
KALAMANDIR.NS,KALAMANDIR
KALANA.NS,KALANA
KALYANI.NS,KALYANI
KALYANIFRG.NS,KALYANIFRG
KALYANKJIL.NS,KALYANKJIL
KAMATHOTEL.NS,KAMATHOTEL
KAMDHENU.NS,KAMDHENU
KAMOPAINTS.NS,KAMOPAINTS
KANANIIND.NS,KANANIIND
KANDARP.NS,KANDARP
KANORICHEM.NS,KANORICHEM
KANPRPLA.NS,KANPRPLA
KANSAINER.NS,KANSAINER
KAPSTON.NS,KAPSTON
KARMAENG.NS,KARMAENG
KARNIKA.NS,KARNIKA
KARURVYSYA.NS,KARURVYSYA
KATARIA.NS,KATARIA
KAUSHALYA.NS,KAUSHALYA
KAVVERITEL.NS,KAVVERITEL
KAYA.NS,KAYA
KAYNES.NS,KAYNES
KBCGLOBAL.NS,KBCGLOBAL
KCEIL.NS,KCEIL
KCK.NS,KCK
KCP.NS,KCP
KCPSUGIND.NS,KCPSUGIND
KDDL.NS,KDDL
KDL.NS,KDL
KEC.NS,KEC
KECL.NS,KECL
KEEPLEARN.NS,KEEPLEARN
KEI.NS,KEI
KEL.NS,KEL
KELLTONTEC.NS,KELLTONTEC
KERNEX.NS,KERNEX
KESORAMIND.NS,KESORAMIND
KEYFINSERV.NS,KEYFINSERV
KFINTECH.NS,KFINTECH
KGL.NS,KGL
KHADIM.NS,KHADIM
KHAICHEM.NS,KHAICHEM
KHAITANLTD.NS,KHAITANLTD
KHANDSE.NS,KHANDSE
KHFM.NS,KHFM
KICL.NS,KICL
KILITCH.NS,KILITCH
KIMS.NS,KIMS
KINGFA.NS,KINGFA
KIOCL.NS,KIOCL
KIRIINDUS.NS,KIRIINDUS
KIRLOSBROS.NS,KIRLOSBROS
KIRLOSENG.NS,KIRLOSENG
KIRLOSIND.NS,KIRLOSIND
KIRLPNU.NS,KIRLPNU
KITEX.NS,KITEX
KKCL.NS,KKCL
KKVAPOW.NS,KKVAPOW
KLL.NS,KLL
KMEW.NS,KMEW
KMSUGAR.NS,KMSUGAR
KNAGRI.NS,KNAGRI
KNRCON.NS,KNRCON
KODYTECH.NS,KODYTECH
KOHINOOR.NS,KOHINOOR
KOKUYOCMLN.NS,KOKUYOCMLN
KOLTEPATIL.NS,KOLTEPATIL
KONSTELEC.NS,KONSTELEC
KONTOR.NS,KONTOR
KOPRAN.NS,KOPRAN
KORE.NS,KORE
KOTAKBANK.NS,KOTAKBANK
KOTARISUG.NS,KOTARISUG
KOTHARIPET.NS,KOTHARIPET
KOTHARIPRO.NS,KOTHARIPRO
KOTYARK.NS,KOTYARK
KPEL.NS,KPEL
KPIGREEN.NS,KPIGREEN
KPIL.NS,KPIL
KPITTECH.NS,KPITTECH
KPRMILL.NS,KPRMILL
KRBL.NS,KRBL
KREBSBIO.NS,KREBSBIO
KRIDHANINF.NS,KRIDHANINF
KRISHANA.NS,KRISHANA
KRISHCA.NS,KRISHCA
KRISHIVAL.NS,KRISHIVAL
KRISHNADEF.NS,KRISHNADEF
KRITI.NS,KRITI
KRITIKA.NS,KRITIKA
KRITINUT.NS,KRITINUT
KRN.NS,KRN
KRONOX.NS,KRONOX
KROSS.NS,KROSS
KRSNAA.NS,KRSNAA
KRYSTAL.NS,KRYSTAL
KSB.NS,KSB
KSCL.NS,KSCL
KSERASERA.NS,KSERASERA
KSHITIJPOL.NS,KSHITIJPOL
KSK.NS,KSK
KSL.NS,KSL
KSOLVES.NS,KSOLVES
KTKBANK.NS,KTKBANK
KTL.NS,KTL
KUANTUM.NS,KUANTUM
KUNDANMM.NS,KUNDANMM
LAGNAM.NS,LAGNAM
LAKPRE.NS,LAKPRE
LAKSHMIEFL.NS,LAKSHMIEFL
LAKSHYA.NS,LAKSHYA
LAL.NS,LAL
LALPATHLAB.NS,LALPATHLAB
LAMBODHARA.NS,LAMBODHARA
LAMOSAIC.NS,LAMOSAIC
LANCORHOL.NS,LANCORHOL
LANDMARK.NS,LANDMARK
LAOPALA.NS,LAOPALA
LASA.NS,LASA
LATENTVIEW.NS,LATENTVIEW
LATTEYS.NS,LATTEYS
LAURUSLABS.NS,LAURUSLABS
LAWSIKHO.NS,LAWSIKHO
LAXMICOT.NS,LAXMICOT
LCCINFOTEC.NS,LCCINFOTEC
LEEL.NS,LEEL
LEMERITE.NS,LEMERITE
LEMONTREE.NS,LEMONTREE
LEXUS.NS,LEXUS
LFIC.NS,LFIC
LGBBROSLTD.NS,LGBBROSLTD
LGBFORGE.NS,LGBFORGE
LGHL.NS,LGHL
LIBAS.NS,LIBAS
LIBERTSHOE.NS,LIBERTSHOE
LICHSGFIN.NS,LICHSGFIN
LICI.NS,LICI
LIKHITHA.NS,LIKHITHA
LINC.NS,LINC
LINCOLN.NS,LINCOLN
LINDEINDIA.NS,LINDEINDIA
LLOYDS.NS,LLOYDS
LLOYDSENGG.NS,LLOYDSENGG
LLOYDSENT.NS,LLOYDSENT
LLOYDSME.NS,LLOYDSME
LMW.NS,LMW
LODHA.NS,LODHA
LOKESHMACH.NS,LOKESHMACH
LORDSCHLO.NS,LORDSCHLO
LOTUSEYE.NS,LOTUSEYE
LOVABLE.NS,LOVABLE
LOYALTEX.NS,LOYALTEX
LPDC.NS,LPDC
LRRPL.NS,LRRPL
LT.NS,LT
LTF.NS,LTF
LTFOODS.NS,LTFOODS
LTIM.NS,LTIM
LTTS.NS,LTTS
LUMAXIND.NS,LUMAXIND
LUMAXTECH.NS,LUMAXTECH
LUPIN.NS,LUPIN
LUXIND.NS,LUXIND
LXCHEM.NS,LXCHEM
LYKALABS.NS,LYKALABS
LYPSAGEMS.NS,LYPSAGEMS
M&M.NS,M&M
M&MFIN.NS,M&MFIN
MAANALU.NS,MAANALU
MACOBSTECH.NS,MACOBSTECH
MACPOWER.NS,MACPOWER
MADHAV.NS,MADHAV
MADHAVBAUG.NS,MADHAVBAUG
MADHUCON.NS,MADHUCON
MADHUSUDAN.NS,MADHUSUDAN
MADRASFERT.NS,MADRASFERT
MAGADSUGAR.NS,MAGADSUGAR
MAGNUM.NS,MAGNUM
MAGSON.NS,MAGSON
MAHABANK.NS,MAHABANK
MAHAPEXLTD.NS,MAHAPEXLTD
MAHASTEEL.NS,MAHASTEEL
MAHEPC.NS,MAHEPC
MAHESHWARI.NS,MAHESHWARI
MAHICKRA.NS,MAHICKRA
MAHLIFE.NS,MAHLIFE
MAHLOG.NS,MAHLOG
MAHSCOOTER.NS,MAHSCOOTER
MAHSEAMLES.NS,MAHSEAMLES
MAITHANALL.NS,MAITHANALL
MAITREYA.NS,MAITREYA
MAKS.NS,MAKS
MAL.NS,MAL
MALLCOM.NS,MALLCOM
MALUPAPER.NS,MALUPAPER
MAMATA.NS,MAMATA
MANAKALUCO.NS,MANAKALUCO
MANAKCOAT.NS,MANAKCOAT
MANAKSIA.NS,MANAKSIA
MANAKSTEEL.NS,MANAKSTEEL
MANALIPETC.NS,MANALIPETC
MANAPPURAM.NS,MANAPPURAM
MANAV.NS,MANAV
MANBA.NS,MANBA
MANCREDIT.NS,MANCREDIT
MANDEEP.NS,MANDEEP
MANGALAM.NS,MANGALAM
MANGCHEFER.NS,MANGCHEFER
MANGLMCEM.NS,MANGLMCEM
MANINDS.NS,MANINDS
MANINFRA.NS,MANINFRA
MANKIND.NS,MANKIND
MANOMAY.NS,MANOMAY
MANORAMA.NS,MANORAMA
MANORG.NS,MANORG
MANPASAND.NS,MANPASAND
MANUGRAPH.NS,MANUGRAPH
MANYAVAR.NS,MANYAVAR
MAPMYINDIA.NS,MAPMYINDIA
MARALOVER.NS,MARALOVER
MARATHON.NS,MARATHON
MARCO.NS,MARCO
MARICO.NS,MARICO
MARINE.NS,MARINE
MARINETRAN.NS,MARINETRAN
MARKSANS.NS,MARKSANS
MARSHALL.NS,MARSHALL
MARUTI.NS,MARUTI
MASFIN.NS,MASFIN
MASKINVEST.NS,MASKINVEST
MASON.NS,MASON
MASTEK.NS,MASTEK
MASTER.NS,MASTER
MASTERTR.NS,MASTERTR
MATRIMONY.NS,MATRIMONY
MAWANASUG.NS,MAWANASUG
MAXESTATES.NS,MAXESTATES
MAXHEALTH.NS,MAXHEALTH
MAXIND.NS,MAXIND
MAXPOSURE.NS,MAXPOSURE
MAYURUNIQ.NS,MAYURUNIQ
MAZDA.NS,MAZDA
MAZDOCK.NS,MAZDOCK
MBAPL.NS,MBAPL
MBECL.NS,MBECL
MBLINFRA.NS,MBLINFRA
MCDHOLDING.NS,MCDHOLDING
MCL.NS,MCL
MCLEODRUSS.NS,MCLEODRUSS
MCON.NS,MCON
MDL.NS,MDL
MEDANTA.NS,MEDANTA
MEDIASSIST.NS,MEDIASSIST
MEDICAMEQ.NS,MEDICAMEQ
MEDICO.NS,MEDICO
MEDIORG.NS,MEDIORG
MEDPLUS.NS,MEDPLUS
MEGAFLEX.NS,MEGAFLEX
MEGASOFT.NS,MEGASOFT
MEGASTAR.NS,MEGASTAR
MEGATHERM.NS,MEGATHERM
MELSTAR.NS,MELSTAR
MENONBE.NS,MENONBE
MEP.NS,MEP
MERCATOR.NS,MERCATOR
METALFORGE.NS,METALFORGE
METKORE.NS,METKORE
METROBRAND.NS,METROBRAND
METROPOLIS.NS,METROPOLIS
MFML.NS,MFML
MFSL.NS,MFSL
MGEL.NS,MGEL
MGL.NS,MGL
MHHL.NS,MHHL
MHLXMIRU.NS,MHLXMIRU
MHRIL.NS,MHRIL
MICEL.NS,MICEL
MICROPRO.NS,MICROPRO
MIDHANI.NS,MIDHANI
MIEL.NS,MIEL
MILTON.NS,MILTON
MINDACORP.NS,MINDACORP
MINDPOOL.NS,MINDPOOL
MINDTECK.NS,MINDTECK
MIRCELECTR.NS,MIRCELECTR
MIRZAINT.NS,MIRZAINT
MITCON.NS,MITCON
MITTAL.NS,MITTAL
MKPL.NS,MKPL
MMFL.NS,MMFL
MMP.NS,MMP
MMTC.NS,MMTC
MOBIKWIK.NS,MOBIKWIK
MODIRUBBER.NS,MODIRUBBER
MODISONLTD.NS,MODISONLTD
MODTHREAD.NS,MODTHREAD
MOHITIND.NS,MOHITIND
MOIL.NS,MOIL
MOKSH.NS,MOKSH
MOL.NS,MOL
MOLDTECH.NS,MOLDTECH
MOLDTKPAC.NS,MOLDTKPAC
MONARCH.NS,MONARCH
MONOPHARMA.NS,MONOPHARMA
MONTECARLO.NS,MONTECARLO
MORARJEE.NS,MORARJEE
MOREPENLAB.NS,MOREPENLAB
MOS.NS,MOS
MOTHERSON.NS,MOTHERSON
MOTILALOFS.NS,MOTILALOFS
MOTISONS.NS,MOTISONS
MOTOGENFIN.NS,MOTOGENFIN
MOXSH.NS,MOXSH
MPHASIS.NS,MPHASIS
MPSLTD.NS,MPSLTD
MPTODAY.NS,MPTODAY
MRF.NS,MRF
MRO-TEK.NS,MRO-TEK
MRPL.NS,MRPL
MSPL.NS,MSPL
MSTCLTD.NS,MSTCLTD
MSUMI.NS,MSUMI
MTARTECH.NS,MTARTECH
MTEDUCARE.NS,MTEDUCARE
MTNL.NS,MTNL
MUFIN.NS,MUFIN
MUFTI.NS,MUFTI
MUKANDLTD.NS,MUKANDLTD
MUKKA.NS,MUKKA
MUKTAARTS.NS,MUKTAARTS
MUNJALAU.NS,MUNJALAU
MUNJALSHOW.NS,MUNJALSHOW
MURUDCERA.NS,MURUDCERA
MUTHOOTCAP.NS,MUTHOOTCAP
MUTHOOTFIN.NS,MUTHOOTFIN
MUTHOOTMF.NS,MUTHOOTMF
MVGJL.NS,MVGJL
MVKAGRO.NS,MVKAGRO
MVL.NS,MVL
MWL.NS,MWL
MYMUDRA.NS,MYMUDRA
NACLIND.NS,NACLIND
NAGAFERT.NS,NAGAFERT
NAGREEKCAP.NS,NAGREEKCAP
NAGREEKEXP.NS,NAGREEKEXP
NAHARCAP.NS,NAHARCAP
NAHARINDUS.NS,NAHARINDUS
NAHARPOLY.NS,NAHARPOLY
NAHARSPING.NS,NAHARSPING
NAKODA.NS,NAKODA
NAM-INDIA.NS,NAM-INDIA
NAMAN.NS,NAMAN
NAMOEWASTE.NS,NAMOEWASTE
NARMADA.NS,NARMADA
NATCOPHARM.NS,NATCOPHARM
NATHBIOGEN.NS,NATHBIOGEN
NATIONALUM.NS,NATIONALUM
NAUKRI.NS,NAUKRI
NAVA.NS,NAVA
NAVINFLUOR.NS,NAVINFLUOR
NAVKARCORP.NS,NAVKARCORP
NAVNETEDUL.NS,NAVNETEDUL
NAZARA.NS,NAZARA
NBCC.NS,NBCC
NBIFIN.NS,NBIFIN
NCC.NS,NCC
NCLIND.NS,NCLIND
NDGL.NS,NDGL
NDL.NS,NDL
NDLVENTURE.NS,NDLVENTURE
NDRAUTO.NS,NDRAUTO
NDTV.NS,NDTV
NECCLTD.NS,NECCLTD
NECLIFE.NS,NECLIFE
NEELAM.NS,NEELAM
NELCAST.NS,NELCAST
NELCO.NS,NELCO
NEOGEN.NS,NEOGEN
NEPHROCARE.NS,NEPHROCARE
NESCO.NS,NESCO
NESTLEIND.NS,NESTLEIND
NETWEB.NS,NETWEB
NETWORK18.NS,NETWORK18
NEULANDLAB.NS,NEULANDLAB
NEWGEN.NS,NEWGEN
NEWJAISA.NS,NEWJAISA
NEXTMEDIA.NS,NEXTMEDIA
NFL.NS,NFL
NGIL.NS,NGIL
NGLFINE.NS,NGLFINE
NH.NS,NH
NHPC.NS,NHPC
NIACL.NS,NIACL
NIBL.NS,NIBL
NIDAN.NS,NIDAN
NIITLTD.NS,NIITLTD
NIITMTS.NS,NIITMTS
NILAINFRA.NS,NILAINFRA
NILASPACES.NS,NILASPACES
NILKAMAL.NS,NILKAMAL
NINSYS.NS,NINSYS
NIPPOBATRY.NS,NIPPOBATRY
NIRAJ.NS,NIRAJ
NIRAJISPAT.NS,NIRAJISPAT
NIRMAN.NS,NIRMAN
NITCO.NS,NITCO
NITINFIRE.NS,NITINFIRE
NITINSPIN.NS,NITINSPIN
NITIRAJ.NS,NITIRAJ
NIVABUPA.NS,NIVABUPA
NKIND.NS,NKIND
NLCINDIA.NS,NLCINDIA
NMDC.NS,NMDC
NMSTEEL.NS,NMSTEEL
NOCIL.NS,NOCIL
NOIDATOLL.NS,NOIDATOLL
NORBTEAEXP.NS,NORBTEAEXP
NORTHARC.NS,NORTHARC
NOVAAGRI.NS,NOVAAGRI
NPST.NS,NPST
NRAIL.NS,NRAIL
NRBBEARING.NS,NRBBEARING
NRL.NS,NRL
NSIL.NS,NSIL
NSLNISP.NS,NSLNISP
NTL.NS,NTL
NTPC.NS,NTPC
NTPCGREEN.NS,NTPCGREEN
NUCLEUS.NS,NUCLEUS
NURECA.NS,NURECA
NUTEK.NS,NUTEK
NUVAMA.NS,NUVAMA
NUVOCO.NS,NUVOCO
NYKAA.NS,NYKAA
OAL.NS,OAL
OBCL.NS,OBCL
OBEROIRLTY.NS,OBEROIRLTY
OBSCP.NS,OBSCP
OCCL.NS,OCCL
OCCLLTD.NS,OCCLLTD
ODIGMA.NS,ODIGMA
OFSS.NS,OFSS
OIL.NS,OIL
OILCOUNTUB.NS,OILCOUNTUB
OLAELEC.NS,OLAELEC
OLECTRA.NS,OLECTRA
OLIL.NS,OLIL
OMAXAUTO.NS,OMAXAUTO
OMAXE.NS,OMAXE
OMFURN.NS,OMFURN
OMINFRAL.NS,OMINFRAL
OMKARCHEM.NS,OMKARCHEM
ONDOOR.NS,ONDOOR
ONELIFECAP.NS,ONELIFECAP
ONEPOINT.NS,ONEPOINT
ONGC.NS,ONGC
ONMOBILE.NS,ONMOBILE
ONWARDTEC.NS,ONWARDTEC
ONYX.NS,ONYX
OPAL.NS,OPAL
OPTIEMUS.NS,OPTIEMUS
OPTOCIRCUI.NS,OPTOCIRCUI
ORBTEXP.NS,ORBTEXP
ORCHPHARMA.NS,ORCHPHARMA
ORIANA.NS,ORIANA
ORICONENT.NS,ORICONENT
ORIENTALTL.NS,ORIENTALTL
ORIENTBELL.NS,ORIENTBELL
ORIENTCEM.NS,ORIENTCEM
ORIENTCER.NS,ORIENTCER
ORIENTELEC.NS,ORIENTELEC
ORIENTHOT.NS,ORIENTHOT
ORIENTLTD.NS,ORIENTLTD
ORIENTPPR.NS,ORIENTPPR
ORIENTTECH.NS,ORIENTTECH
ORISSAMINE.NS,ORISSAMINE
ORTEL.NS,ORTEL
ORTINGLOBE.NS,ORTINGLOBE
OSELDEVICE.NS,OSELDEVICE
OSIAHYPER.NS,OSIAHYPER
OSWALAGRO.NS,OSWALAGRO
OSWALGREEN.NS,OSWALGREEN
OSWALSEEDS.NS,OSWALSEEDS
OWAIS.NS,OWAIS
PAGEIND.NS,PAGEIND
PAISALO.NS,PAISALO
PAKKA.NS,PAKKA
PALASHSECU.NS,PALASHSECU
PALREDTEC.NS,PALREDTEC
PANACEABIO.NS,PANACEABIO
PANACHE.NS,PANACHE
PANAMAPET.NS,PANAMAPET
PANSARI.NS,PANSARI
PAR.NS,PAR
PARACABLES.NS,PARACABLES
PARADEEP.NS,PARADEEP
PARAGMILK.NS,PARAGMILK
PARAGON.NS,PARAGON
PARAMATRIX.NS,PARAMATRIX
PARAMOUNT.NS,PARAMOUNT
PARAS.NS,PARAS
PARASPETRO.NS,PARASPETRO
PARIN.NS,PARIN
PARKHOTELS.NS,PARKHOTELS
PARSVNATH.NS,PARSVNATH
PARTYCRUS.NS,PARTYCRUS
PASHUPATI.NS,PASHUPATI
PASUPTAC.NS,PASUPTAC
PATANJALI.NS,PATANJALI
PATELENG.NS,PATELENG
PATINTLOG.NS,PATINTLOG
PATTECH.NS,PATTECH
PAVNAIND.NS,PAVNAIND
PAYTM.NS,PAYTM
PCBL.NS,PCBL
PCCL.NS,PCCL
PCJEWELLER.NS,PCJEWELLER
PDMJEPAPER.NS,PDMJEPAPER
PDPL.NS,PDPL
PDSL.NS,PDSL
PEARLPOLY.NS,PEARLPOLY
PEL.NS,PEL
PELATRO.NS,PELATRO
PENIND.NS,PENIND
PENINLAND.NS,PENINLAND
PENTAGOLD.NS,PENTAGOLD
PENTAGON.NS,PENTAGON
PERFECT.NS,PERFECT
PERSISTENT.NS,PERSISTENT
PETRONET.NS,PETRONET
PFC.NS,PFC
PFIZER.NS,PFIZER
PFOCUS.NS,PFOCUS
PFS.NS,PFS
PGEL.NS,PGEL
PGHH.NS,PGHH
PGHL.NS,PGHL
PGIL.NS,PGIL
PHANTOMFX.NS,PHANTOMFX
PHOENIXLTD.NS,PHOENIXLTD
PHOGLOBAL.NS,PHOGLOBAL
PIDILITIND.NS,PIDILITIND
PIGL.NS,PIGL
PIIND.NS,PIIND
PILANIINVS.NS,PILANIINVS
PILITA.NS,PILITA
PINCON.NS,PINCON
PIONEEREMB.NS,PIONEEREMB
PITTIENG.NS,PITTIENG
PIXTRANS.NS,PIXTRANS
PKTEA.NS,PKTEA
PLADAINFO.NS,PLADAINFO
PLASTIBLEN.NS,PLASTIBLEN
PLATIND.NS,PLATIND
PLAZACABLE.NS,PLAZACABLE
PNB.NS,PNB
PNBGILTS.NS,PNBGILTS
PNBHOUSING.NS,PNBHOUSING
PNC.NS,PNC
PNCINFRA.NS,PNCINFRA
PNGJL.NS,PNGJL
POCL.NS,POCL
PODDARHOUS.NS,PODDARHOUS
PODDARMENT.NS,PODDARMENT
POKARNA.NS,POKARNA
POLICYBZR.NS,POLICYBZR
POLYCAB.NS,POLYCAB
POLYMED.NS,POLYMED
POLYPLEX.NS,POLYPLEX
POLYSIL.NS,POLYSIL
PONNIERODE.NS,PONNIERODE
POONAWALLA.NS,POONAWALLA
POSITRON.NS,POSITRON
POWERGRID.NS,POWERGRID
POWERINDIA.NS,POWERINDIA
POWERMECH.NS,POWERMECH
PPAP.NS,PPAP
PPL.NS,PPL
PPLPHARMA.NS,PPLPHARMA
PPSL.NS,PPSL
PRAENG.NS,PRAENG
PRAJIND.NS,PRAJIND
PRAKASH.NS,PRAKASH
PRAKASHSTL.NS,PRAKASHSTL
PRAMARA.NS,PRAMARA
PRANIK.NS,PRANIK
PRATHAM.NS,PRATHAM
PRATIBHA.NS,PRATIBHA
PRAXIS.NS,PRAXIS
PRECAM.NS,PRECAM
PRECISION.NS,PRECISION
PRECOT.NS,PRECOT
PRECWIRE.NS,PRECWIRE
PREMEXPLN.NS,PREMEXPLN
PREMIER.NS,PREMIER
PREMIERENE.NS,PREMIERENE
PREMIERPOL.NS,PREMIERPOL
PREMIUM.NS,PREMIUM
PRESSTONIC.NS,PRESSTONIC
PRESTIGE.NS,PRESTIGE
PRICOLLTD.NS,PRICOLLTD
PRIMESECU.NS,PRIMESECU
PRINCEPIPE.NS,PRINCEPIPE
PRITI.NS,PRITI
PRITIKA.NS,PRITIKA
PRITIKAUTO.NS,PRITIKAUTO
PRIVISCL.NS,PRIVISCL
PRIZOR.NS,PRIZOR
PRLIND.NS,PRLIND
PROLIFE.NS,PROLIFE
PROPEQUITY.NS,PROPEQUITY
PROV.NS,PROV
PROZONER.NS,PROZONER
PRSMJOHNSN.NS,PRSMJOHNSN
PRUDENT.NS,PRUDENT
PRUDMOULI.NS,PRUDMOULI
PSB.NS,PSB
PSFL.NS,PSFL
PSPPROJECT.NS,PSPPROJECT
PTC.NS,PTC
PTCIL.NS,PTCIL
PTL.NS,PTL
PULZ.NS,PULZ
PUNJABCHEM.NS,PUNJABCHEM
PUNJLLOYD.NS,PUNJLLOYD
PURPLEUTED.NS,PURPLEUTED
PURVA.NS,PURVA
PURVFLEXI.NS,PURVFLEXI
PVP.NS,PVP
PVRINOX.NS,PVRINOX
PVSL.NS,PVSL
PYRAMID.NS,PYRAMID
QFIL.NS,QFIL
QMSMEDI.NS,QMSMEDI
QUADPRO.NS,QUADPRO
QUESS.NS,QUESS
QUESTLAB.NS,QUESTLAB
QUICKHEAL.NS,QUICKHEAL
QUICKTOUCH.NS,QUICKTOUCH
QUINTEGRA.NS,QUINTEGRA
QVCEL.NS,QVCEL
RACE.NS,RACE
RACLGEAR.NS,RACLGEAR
RADAAN.NS,RADAAN
RADHIKAJWE.NS,RADHIKAJWE
RADIANTCMS.NS,RADIANTCMS
RADICO.NS,RADICO
RADIOCITY.NS,RADIOCITY
RADIOWALLA.NS,RADIOWALLA
RAILTEL.NS,RAILTEL
RAIN.NS,RAIN
RAINBOW.NS,RAINBOW
RAINBOWPAP.NS,RAINBOWPAP
RAJESHEXPO.NS,RAJESHEXPO
RAJINDLTD.NS,RAJINDLTD
RAJMET.NS,RAJMET
RAJPUTANA.NS,RAJPUTANA
RAJRATAN.NS,RAJRATAN
RAJRILTD.NS,RAJRILTD
RAJSREESUG.NS,RAJSREESUG
RAJTV.NS,RAJTV
RAJVIR.NS,RAJVIR
RALLIS.NS,RALLIS
RAMANEWS.NS,RAMANEWS
RAMAPHO.NS,RAMAPHO
RAMASTEEL.NS,RAMASTEEL
RAMCOCEM.NS,RAMCOCEM
RAMCOIND.NS,RAMCOIND
RAMCOSYS.NS,RAMCOSYS
RAMKY.NS,RAMKY
RAMRAT.NS,RAMRAT
RANASUG.NS,RANASUG
RANEENGINE.NS,RANEENGINE
RANEHOLDIN.NS,RANEHOLDIN
RAPPID.NS,RAPPID
RATEGAIN.NS,RATEGAIN
RATNAMANI.NS,RATNAMANI
RATNAVEER.NS,RATNAVEER
RAYMOND.NS,RAYMOND
RAYMONDLSL.NS,RAYMONDLSL
RBA.NS,RBA
RBL.NS,RBL
RBLBANK.NS,RBLBANK
RBMINFRA.NS,RBMINFRA
RBS.NS,RBS
RBZJEWEL.NS,RBZJEWEL
RCDL.NS,RCDL
RCF.NS,RCF
RCOM.NS,RCOM
RECLTD.NS,RECLTD
REDINGTON.NS,REDINGTON
REDTAPE.NS,REDTAPE
REFEX.NS,REFEX
REFRACTORY.NS,REFRACTORY
REGENCERAM.NS,REGENCERAM
RELAXO.NS,RELAXO
RELCAPITAL.NS,RELCAPITAL
RELCHEMQ.NS,RELCHEMQ
RELIABLE.NS,RELIABLE
RELIANCE.NS,RELIANCE
RELIGARE.NS,RELIGARE
RELINFRA.NS,RELINFRA
RELTD.NS,RELTD
REMSONSIND.NS,REMSONSIND
REMUS.NS,REMUS
RENUKA.NS,RENUKA
REPCOHOME.NS,REPCOHOME
REPL.NS,REPL
REPRO.NS,REPRO
RESPONIND.NS,RESPONIND
RETAIL.NS,RETAIL
REXPIPES.NS,REXPIPES
RGL.NS,RGL
RHFL.NS,RHFL
RHIM.NS,RHIM
RHL.NS,RHL
RICHA.NS,RICHA
RICOAUTO.NS,RICOAUTO
RIIL.NS,RIIL
RILINFRA.NS,RILINFRA
RISHABH.NS,RISHABH
RITCO.NS,RITCO
RITES.NS,RITES
RITEZONE.NS,RITEZONE
RKDL.NS,RKDL
RKEC.NS,RKEC
RKFORGE.NS,RKFORGE
RKSWAMY.NS,RKSWAMY
RMCL.NS,RMCL
RMDRIP.NS,RMDRIP
RML.NS,RML
RMMIL.NS,RMMIL
RNAVAL.NS,RNAVAL
RNFI.NS,RNFI
ROCKINGDCE.NS,ROCKINGDCE
ROHLTD.NS,ROHLTD
ROLEXRINGS.NS,ROLEXRINGS
ROLLT.NS,ROLLT
ROLTA.NS,ROLTA
ROML.NS,ROML
ROSSARI.NS,ROSSARI
ROSSELLIND.NS,ROSSELLIND
ROSSTECH.NS,ROSSTECH
ROTO.NS,ROTO
ROUTE.NS,ROUTE
ROXHITECH.NS,ROXHITECH
RPEL.NS,RPEL
RPGLIFE.NS,RPGLIFE
RPOWER.NS,RPOWER
RPPINFRA.NS,RPPINFRA
RPPL.NS,RPPL
RPSGVENT.NS,RPSGVENT
RPTECH.NS,RPTECH
RRKABEL.NS,RRKABEL
RSSOFTWARE.NS,RSSOFTWARE
RSWM.NS,RSWM
RSYSTEMS.NS,RSYSTEMS
RTNINDIA.NS,RTNINDIA
RTNPOWER.NS,RTNPOWER
RUBFILA.NS,RUBFILA
RUBYMILLS.NS,RUBYMILLS
RUCHINFRA.NS,RUCHINFRA
RUCHIRA.NS,RUCHIRA
RULKA.NS,RULKA
RUPA.NS,RUPA
RUSHABEAR.NS,RUSHABEAR
RUSHIL.NS,RUSHIL
RUSTOMJEE.NS,RUSTOMJEE
RVHL.NS,RVHL
RVNL.NS,RVNL
RVTH.NS,RVTH
S&SPOWER.NS,S&SPOWER
SAAKSHI.NS,SAAKSHI
SABAR.NS,SABAR
SABEVENTS.NS,SABEVENTS
SABTNL.NS,SABTNL
SADBHAV.NS,SADBHAV
SADBHIN.NS,SADBHIN
SADHAV.NS,SADHAV
SADHNANIQ.NS,SADHNANIQ
SAFARI.NS,SAFARI
SAGARDEEP.NS,SAGARDEEP
SAGCEM.NS,SAGCEM
SAGILITY.NS,SAGILITY
SAH.NS,SAH
SAHAJ.NS,SAHAJ
SAHAJSOLAR.NS,SAHAJSOLAR
SAHANA.NS,SAHANA
SAHASRA.NS,SAHASRA
SAHYADRI.NS,SAHYADRI
SAIFL.NS,SAIFL
SAIL.NS,SAIL
SAILIFE.NS,SAILIFE
SAJHOTELS.NS,SAJHOTELS
SAKAR.NS,SAKAR
SAKHTISUG.NS,SAKHTISUG
SAKSOFT.NS,SAKSOFT
SAKUMA.NS,SAKUMA
SALASAR.NS,SALASAR
SALONA.NS,SALONA
SALSTEEL.NS,SALSTEEL
SALZERELEC.NS,SALZERELEC
SAMBHAAV.NS,SAMBHAAV
SAMHI.NS,SAMHI
SAMMAANCAP.NS,SAMMAANCAP
SAMPANN.NS,SAMPANN
SANATHAN.NS,SANATHAN
SANCO.NS,SANCO
SANDESH.NS,SANDESH
SANDHAR.NS,SANDHAR
SANDUMA.NS,SANDUMA
SANGAMIND.NS,SANGAMIND
SANGANI.NS,SANGANI
SANGHIIND.NS,SANGHIIND
SANGHVIMOV.NS,SANGHVIMOV
SANGINITA.NS,SANGINITA
SANOFI.NS,SANOFI
SANOFICONR.NS,SANOFICONR
SANSERA.NS,SANSERA
SANSTAR.NS,SANSTAR
SANWARIA.NS,SANWARIA
SAPPHIRE.NS,SAPPHIRE
SARDAEN.NS,SARDAEN
SAREGAMA.NS,SAREGAMA
SARLAPOLY.NS,SARLAPOLY
SAROJA.NS,SAROJA
SARTELE.NS,SARTELE
SARVESHWAR.NS,SARVESHWAR
SASKEN.NS,SASKEN
SASTASUNDR.NS,SASTASUNDR
SATECH.NS,SATECH
SATHAISPAT.NS,SATHAISPAT
SATIA.NS,SATIA
SATIN.NS,SATIN
SATINDLTD.NS,SATINDLTD
SATIPOLY.NS,SATIPOLY
SAURASHCEM.NS,SAURASHCEM
SBC.NS,SBC
SBCL.NS,SBCL
SBFC.NS,SBFC
SBGLP.NS,SBGLP
SBICARD.NS,SBICARD
SBILIFE.NS,SBILIFE
SBIN.NS,SBIN
SCHAEFFLER.NS,SCHAEFFLER
SCHAND.NS,SCHAND
SCHNEIDER.NS,SCHNEIDER
SCI.NS,SCI
SCILAL.NS,SCILAL
SCML.NS,SCML
SCPL.NS,SCPL
SDBL.NS,SDBL
SDREAMS.NS,SDREAMS
SEAMECLTD.NS,SEAMECLTD
SECL.NS,SECL
SECMARK.NS,SECMARK
SECURCRED.NS,SECURCRED
SECURKLOUD.NS,SECURKLOUD
SEJALLTD.NS,SEJALLTD
SEL.NS,SEL
SELAN.NS,SELAN
SELMC.NS,SELMC
SEMAC.NS,SEMAC
SENCO.NS,SENCO
SENORES.NS,SENORES
SEPC.NS,SEPC
SEQUENT.NS,SEQUENT
SERVICE.NS,SERVICE
SERVOTECH.NS,SERVOTECH
SESHAPAPER.NS,SESHAPAPER
SETCO.NS,SETCO
SETUINFRA.NS,SETUINFRA
SEYAIND.NS,SEYAIND
SFL.NS,SFL
SFML.NS,SFML
SGIL.NS,SGIL
SGL.NS,SGL
SHAH.NS,SHAH
SHAHALLOYS.NS,SHAHALLOYS
SHAILY.NS,SHAILY
SHAIVAL.NS,SHAIVAL
SHAKTIPUMP.NS,SHAKTIPUMP
SHALBY.NS,SHALBY
SHALPAINTS.NS,SHALPAINTS
SHANKARA.NS,SHANKARA
SHANTHALA.NS,SHANTHALA
SHANTI.NS,SHANTI
SHANTIGEAR.NS,SHANTIGEAR
SHARDACROP.NS,SHARDACROP
SHARDAMOTR.NS,SHARDAMOTR
SHAREINDIA.NS,SHAREINDIA
SHEETAL.NS,SHEETAL
SHEKHAWATI.NS,SHEKHAWATI
SHEMAROO.NS,SHEMAROO
SHERA.NS,SHERA
SHIGAN.NS,SHIGAN
SHILPAMED.NS,SHILPAMED
SHIRPUR-G.NS,SHIRPUR-G
SHIVALIK.NS,SHIVALIK
SHIVAMAUTO.NS,SHIVAMAUTO
SHIVAMILLS.NS,SHIVAMILLS
SHIVATEX.NS,SHIVATEX
SHIVAUM.NS,SHIVAUM
SHK.NS,SHK
SHOPERSTOP.NS,SHOPERSTOP
SHRADHA.NS,SHRADHA
SHREDIGCEM.NS,SHREDIGCEM
SHREECEM.NS,SHREECEM
SHREEKARNI.NS,SHREEKARNI
SHREEOSFM.NS,SHREEOSFM
SHREEPUSHK.NS,SHREEPUSHK
SHREERAMA.NS,SHREERAMA
SHRENIK.NS,SHRENIK
SHREYANIND.NS,SHREYANIND
SHRIPISTON.NS,SHRIPISTON
SHRIRAMFIN.NS,SHRIRAMFIN
SHRIRAMPPS.NS,SHRIRAMPPS
SHRITECH.NS,SHRITECH
SHUBHLAXMI.NS,SHUBHLAXMI
SHUBHSHREE.NS,SHUBHSHREE
SHYAMCENT.NS,SHYAMCENT
SHYAMMETL.NS,SHYAMMETL
SHYAMTEL.NS,SHYAMTEL
SICALLOG.NS,SICALLOG
SIDDHIKA.NS,SIDDHIKA
SIEMENS.NS,SIEMENS
SIGACHI.NS,SIGACHI
SIGIND.NS,SIGIND
SIGMA.NS,SIGMA
SIGNATURE.NS,SIGNATURE
SIGNORIA.NS,SIGNORIA
SIGNPOST.NS,SIGNPOST
SIIL.NS,SIIL
SIKKO.NS,SIKKO
SIL.NS,SIL
SILGO.NS,SILGO
SILINV.NS,SILINV
SILKFLEX.NS,SILKFLEX
SILLYMONKS.NS,SILLYMONKS
SILVERTUC.NS,SILVERTUC
SIMBHALS.NS,SIMBHALS
SIMPLEXINF.NS,SIMPLEXINF
SINCLAIR.NS,SINCLAIR
SINDHUTRAD.NS,SINDHUTRAD
SINTERCOM.NS,SINTERCOM
SIRCA.NS,SIRCA
SIS.NS,SIS
SITINET.NS,SITINET
SIYSIL.NS,SIYSIL
SJLOGISTIC.NS,SJLOGISTIC
SJS.NS,SJS
SJVN.NS,SJVN
SKFINDIA.NS,SKFINDIA
SKIL.NS,SKIL
SKIPPER.NS,SKIPPER
SKMEGGPROD.NS,SKMEGGPROD
SKP.NS,SKP
SKSTEXTILE.NS,SKSTEXTILE
SKYGOLD.NS,SKYGOLD
SLONE.NS,SLONE
SMARTLINK.NS,SMARTLINK
SMCGLOBAL.NS,SMCGLOBAL
SMLISUZU.NS,SMLISUZU
SMLT.NS,SMLT
SMSLIFE.NS,SMSLIFE
SMSPHARMA.NS,SMSPHARMA
SMVD.NS,SMVD
SNOWMAN.NS,SNOWMAN
SOBHA.NS,SOBHA
SOFTTECH.NS,SOFTTECH
SOLARA.NS,SOLARA
SOLARINDS.NS,SOLARINDS
SOLEX.NS,SOLEX
SOMANYCERA.NS,SOMANYCERA
SOMATEX.NS,SOMATEX
SOMICONVEY.NS,SOMICONVEY
SONACOMS.NS,SONACOMS
SONAMAC.NS,SONAMAC
SONAMLTD.NS,SONAMLTD
SONATSOFTW.NS,SONATSOFTW
SONUINFRA.NS,SONUINFRA
SOTAC.NS,SOTAC
SOTL.NS,SOTL
SOUTHBANK.NS,SOUTHBANK
SOUTHWEST.NS,SOUTHWEST
SPAL.NS,SPAL
SPANDANA.NS,SPANDANA
SPARC.NS,SPARC
SPCENET.NS,SPCENET
SPCL.NS,SPCL
SPECIALITY.NS,SPECIALITY
SPECTRUM.NS,SPECTRUM
SPECTSTM.NS,SPECTSTM
SPENCERS.NS,SPENCERS
SPENTEX.NS,SPENTEX
SPIC.NS,SPIC
SPLIL.NS,SPLIL
SPLPETRO.NS,SPLPETRO
SPMLINFRA.NS,SPMLINFRA
SPORTKING.NS,SPORTKING
SPPPOLY.NS,SPPPOLY
SPRL.NS,SPRL
SPTL.NS,SPTL
SRD.NS,SRD
SREEL.NS,SREEL
SRF.NS,SRF
SRGHFL.NS,SRGHFL
SRHHYPOLTD.NS,SRHHYPOLTD
SRIRAM.NS,SRIRAM
SRIVASAVI.NS,SRIVASAVI
SRM.NS,SRM
SRPL.NS,SRPL
SSDL.NS,SSDL
SSEGL.NS,SSEGL
SSFL.NS,SSFL
SSINFRA.NS,SSINFRA
SSWL.NS,SSWL
STANLEY.NS,STANLEY
STAR.NS,STAR
STARCEMENT.NS,STARCEMENT
STARHEALTH.NS,STARHEALTH
STARPAPER.NS,STARPAPER
STARTECK.NS,STARTECK
STCINDIA.NS,STCINDIA
STEELCAS.NS,STEELCAS
STEELCITY.NS,STEELCITY
STEELXIND.NS,STEELXIND
STEL.NS,STEL
STERTOOLS.NS,STERTOOLS
STLTECH.NS,STLTECH
STOVEKRAFT.NS,STOVEKRAFT
STYLAMIND.NS,STYLAMIND
STYLEBAAZA.NS,STYLEBAAZA
STYRENIX.NS,STYRENIX
SUBEXLTD.NS,SUBEXLTD
SUBROS.NS,SUBROS
SUDARSCHEM.NS,SUDARSCHEM
SUKHJITS.NS,SUKHJITS
SULA.NS,SULA
SUMEETINDS.NS,SUMEETINDS
SUMICHEM.NS,SUMICHEM
SUMIT.NS,SUMIT
SUMMITSEC.NS,SUMMITSEC
SUNCLAY.NS,SUNCLAY
SUNDARAM.NS,SUNDARAM
SUNDARMFIN.NS,SUNDARMFIN
SUNDARMHLD.NS,SUNDARMHLD
SUNDRMBRAK.NS,SUNDRMBRAK
SUNDRMFAST.NS,SUNDRMFAST
SUNFLAG.NS,SUNFLAG
SUNLITE.NS,SUNLITE
SUNPHARMA.NS,SUNPHARMA
SUNREST.NS,SUNREST
SUNTECK.NS,SUNTECK
SUNTV.NS,SUNTV
SUPERHOUSE.NS,SUPERHOUSE
SUPERSPIN.NS,SUPERSPIN
SUPRAJIT.NS,SUPRAJIT
SUPREMEENG.NS,SUPREMEENG
SUPREMEIND.NS,SUPREMEIND
SUPREMEINF.NS,SUPREMEINF
SUPREMEPWR.NS,SUPREMEPWR
SUPRIYA.NS,SUPRIYA
SURAJEST.NS,SURAJEST
SURAJLTD.NS,SURAJLTD
SURAKSHA.NS,SURAKSHA
SURANASOL.NS,SURANASOL
SURANAT&P.NS,SURANAT&P
SURANI.NS,SURANI
SURYALAXMI.NS,SURYALAXMI
SURYAROSNI.NS,SURYAROSNI
SURYODAY.NS,SURYODAY
SUTLEJTEX.NS,SUTLEJTEX
SUULD.NS,SUULD
SUVEN.NS,SUVEN
SUVENPHAR.NS,SUVENPHAR
SUVIDHAA.NS,SUVIDHAA
SUYOG.NS,SUYOG
SUZLON.NS,SUZLON
SVLL.NS,SVLL
SVPGLOB.NS,SVPGLOB
SWANENERGY.NS,SWANENERGY
SWARAJ.NS,SWARAJ
SWARAJENG.NS,SWARAJENG
SWASTIK.NS,SWASTIK
SWELECTES.NS,SWELECTES
SWIGGY.NS,SWIGGY
SWSOLAR.NS,SWSOLAR
SYLVANPLY.NS,SYLVANPLY
SYMPHONY.NS,SYMPHONY
SYNCOMF.NS,SYNCOMF
SYNGENE.NS,SYNGENE
SYNOPTICS.NS,SYNOPTICS
SYRMA.NS,SYRMA
SYSTANGO.NS,SYSTANGO
TAC.NS,TAC
TAINWALCHM.NS,TAINWALCHM
TAJGVK.NS,TAJGVK
TAKE.NS,TAKE
TALBROAUTO.NS,TALBROAUTO
TALWALKARS.NS,TALWALKARS
TALWGYM.NS,TALWGYM
TANLA.NS,TANLA
TAPIFRUIT.NS,TAPIFRUIT
TARACHAND.NS,TARACHAND
TARAPUR.NS,TARAPUR
TARC.NS,TARC
TARIL.NS,TARIL
TARMAT.NS,TARMAT
TARSONS.NS,TARSONS
TASTYBITE.NS,TASTYBITE
TATACHEM.NS,TATACHEM
TATACOMM.NS,TATACOMM
TATACONSUM.NS,TATACONSUM
TATAELXSI.NS,TATAELXSI
TATAINVEST.NS,TATAINVEST
TATAMOTORS.NS,TATAMOTORS
TATAPOWER.NS,TATAPOWER
TATASTEEL.NS,TATASTEEL
TATATECH.NS,TATATECH
TATVA.NS,TATVA
TBI.NS,TBI
TBOTEK.NS,TBOTEK
TBZ.NS,TBZ
TCI.NS,TCI
TCIEXP.NS,TCIEXP
TCIFINANCE.NS,TCIFINANCE
TCL.NS,TCL
TCLCONS.NS,TCLCONS
TCNSBRANDS.NS,TCNSBRANDS
TCPLPACK.NS,TCPLPACK
TCS.NS,TCS
TDPOWERSYS.NS,TDPOWERSYS
TEAMLEASE.NS,TEAMLEASE
TECHERA.NS,TECHERA
TECHIN.NS,TECHIN
TECHLABS.NS,TECHLABS
TECHM.NS,TECHM
TECHNOE.NS,TECHNOE
TECHNOFAB.NS,TECHNOFAB
TECILCHEM.NS,TECILCHEM
TEGA.NS,TEGA
TEJASNET.NS,TEJASNET
TEMBO.NS,TEMBO
TERASOFT.NS,TERASOFT
TEXINFRA.NS,TEXINFRA
TEXMOPIPES.NS,TEXMOPIPES
TEXRAIL.NS,TEXRAIL
TFCILTD.NS,TFCILTD
TFL.NS,TFL
TGBHOTELS.NS,TGBHOTELS
TGL.NS,TGL
THANGAMAYL.NS,THANGAMAYL
THEINVEST.NS,THEINVEST
THEJO.NS,THEJO
THEMISMED.NS,THEMISMED
THERMAX.NS,THERMAX
THESL.NS,THESL
THOMASCOOK.NS,THOMASCOOK
THOMASCOTT.NS,THOMASCOTT
THYROCARE.NS,THYROCARE
TI.NS,TI
TIIL.NS,TIIL
TIINDIA.NS,TIINDIA
TIJARIA.NS,TIJARIA
TIL.NS,TIL
TIMESCAN.NS,TIMESCAN
TIMESGTY.NS,TIMESGTY
TIMETECHNO.NS,TIMETECHNO
TIMKEN.NS,TIMKEN
TIPSFILMS.NS,TIPSFILMS
TIPSMUSIC.NS,TIPSMUSIC
TIRUMALCHM.NS,TIRUMALCHM
TIRUPATI.NS,TIRUPATI
TIRUPATIFL.NS,TIRUPATIFL
TITAGARH.NS,TITAGARH
TITAN.NS,TITAN
TMB.NS,TMB
TNPETRO.NS,TNPETRO
TNPL.NS,TNPL
TNTELE.NS,TNTELE
TOKYOPLAST.NS,TOKYOPLAST
TOLINS.NS,TOLINS
TORNTPHARM.NS,TORNTPHARM
TORNTPOWER.NS,TORNTPOWER
TOTAL.NS,TOTAL
TOUCHWOOD.NS,TOUCHWOOD
TPHQ.NS,TPHQ
TPLPLASTEH.NS,TPLPLASTEH
TRACXN.NS,TRACXN
TRANSRAILL.NS,TRANSRAILL
TRANSTEEL.NS,TRANSTEEL
TRANSWIND.NS,TRANSWIND
TRANSWORLD.NS,TRANSWORLD
TREEHOUSE.NS,TREEHOUSE
TREJHARA.NS,TREJHARA
TREL.NS,TREL
TRENT.NS,TRENT
TRF.NS,TRF
TRIDENT.NS,TRIDENT
TRIDHYA.NS,TRIDHYA
TRIGYN.NS,TRIGYN
TRITURBINE.NS,TRITURBINE
TRIVENI.NS,TRIVENI
TROM.NS,TROM
TRU.NS,TRU
TRUST.NS,TRUST
TTKHLTCARE.NS,TTKHLTCARE
TTKPRESTIG.NS,TTKPRESTIG
TTL.NS,TTL
TTML.NS,TTML
TULSI.NS,TULSI
TUNWAL.NS,TUNWAL
TV18BRDCST.NS,TV18BRDCST
TVSELECT.NS,TVSELECT
TVSHLTD.NS,TVSHLTD
TVSMOTOR.NS,TVSMOTOR
TVSSCS.NS,TVSSCS
TVSSRICHAK.NS,TVSSRICHAK
TVTODAY.NS,TVTODAY
TVVISION.NS,TVVISION
UBL.NS,UBL
UCAL.NS,UCAL
UCL.NS,UCL
UCOBANK.NS,UCOBANK
UDAICEMENT.NS,UDAICEMENT
UDS.NS,UDS
UEL.NS,UEL
UFLEX.NS,UFLEX
UFO.NS,UFO
UGARSUGAR.NS,UGARSUGAR
UGROCAP.NS,UGROCAP
UHTL.NS,UHTL
UJJIVANSFB.NS,UJJIVANSFB
ULTRACEMCO.NS,ULTRACEMCO
UMA.NS,UMA
UMAEXPORTS.NS,UMAEXPORTS
UMANGDAIRY.NS,UMANGDAIRY
UMESLTD.NS,UMESLTD
UNICHEMLAB.NS,UNICHEMLAB
UNIDT.NS,UNIDT
UNIECOM.NS,UNIECOM
UNIENTER.NS,UNIENTER
UNIHEALTH.NS,UNIHEALTH
UNIINFO.NS,UNIINFO
UNILEX.NS,UNILEX
UNIMECH.NS,UNIMECH
UNIONBANK.NS,UNIONBANK
UNIPARTS.NS,UNIPARTS
UNIPLY.NS,UNIPLY
UNITDSPR.NS,UNITDSPR
UNITECH.NS,UNITECH
UNITEDPOLY.NS,UNITEDPOLY
UNITEDTEA.NS,UNITEDTEA
UNITY.NS,UNITY
UNIVAFOODS.NS,UNIVAFOODS
UNIVASTU.NS,UNIVASTU
UNIVCABLES.NS,UNIVCABLES
UNIVPHOTO.NS,UNIVPHOTO
UNOMINDA.NS,UNOMINDA
UPL.NS,UPL
URAVI.NS,URAVI
URBAN.NS,URBAN
URJA.NS,URJA
USASEEDS.NS,USASEEDS
USHAFIN.NS,USHAFIN
USHAMART.NS,USHAMART
USK.NS,USK
UTIAMC.NS,UTIAMC
UTKARSHBNK.NS,UTKARSHBNK
UTSSAV.NS,UTSSAV
UTTAMSUGAR.NS,UTTAMSUGAR
UWCSL.NS,UWCSL
UYFINCORP.NS,UYFINCORP
V2RETAIL.NS,V2RETAIL
VADILALIND.NS,VADILALIND
VAIBHAVGBL.NS,VAIBHAVGBL
VAISHALI.NS,VAISHALI
VAKRANGEE.NS,VAKRANGEE
VALECHAENG.NS,VALECHAENG
VALIANTLAB.NS,VALIANTLAB
VALIANTORG.NS,VALIANTORG
VALUEIND.NS,VALUEIND
VARDHACRLC.NS,VARDHACRLC
VARDMNPOLY.NS,VARDMNPOLY
VARROC.NS,VARROC
VASA.NS,VASA
VASCONEQ.NS,VASCONEQ
VASWANI.NS,VASWANI
VBL.NS,VBL
VCL.NS,VCL
VDEAL.NS,VDEAL
VEDL.NS,VEDL
VEEDOL.NS,VEEDOL
VEEKAYEM.NS,VEEKAYEM
VELS.NS,VELS
VENKEYS.NS,VENKEYS
VENTIVE.NS,VENTIVE
VENUSPIPES.NS,VENUSPIPES
VENUSREM.NS,VENUSREM
VERA.NS,VERA
VERANDA.NS,VERANDA
VERITAAS.NS,VERITAAS
VERTEXPLUS.NS,VERTEXPLUS
VERTOZ.NS,VERTOZ
VESUVIUS.NS,VESUVIUS
VETO.NS,VETO
VGUARD.NS,VGUARD
VHL.NS,VHL
VHLTD.NS,VHLTD
VIAZ.NS,VIAZ
VIDEOIND.NS,VIDEOIND
VIDHIING.NS,VIDHIING
VIESL.NS,VIESL
VIJAYA.NS,VIJAYA
VIJIFIN.NS,VIJIFIN
VIKASECO.NS,VIKASECO
VIKASLIFE.NS,VIKASLIFE
VILAS.NS,VILAS
VILINBIO.NS,VILINBIO
VIMTALABS.NS,VIMTALABS
VINATIORGA.NS,VINATIORGA
VINCOFE.NS,VINCOFE
VINDHYATEL.NS,VINDHYATEL
VINEETLAB.NS,VINEETLAB
VINNY.NS,VINNY
VINSYS.NS,VINSYS
VINYAS.NS,VINYAS
VINYLINDIA.NS,VINYLINDIA
VIPCLOTHNG.NS,VIPCLOTHNG
VIPIND.NS,VIPIND
VIPULLTD.NS,VIPULLTD
VIRINCHI.NS,VIRINCHI
VISAKAIND.NS,VISAKAIND
VISAMAN.NS,VISAMAN
VISASTEEL.NS,VISASTEEL
VISESHINFO.NS,VISESHINFO
VISHNU.NS,VISHNU
VISHNUINFR.NS,VISHNUINFR
VISHWARAJ.NS,VISHWARAJ
VISHWAS.NS,VISHWAS
VISUINTL.NS,VISUINTL
VITAL.NS,VITAL
VIVIANA.NS,VIVIANA
VIVIDHA.NS,VIVIDHA
VIVIMEDLAB.NS,VIVIMEDLAB
VIVO.NS,VIVO
VLEGOV.NS,VLEGOV
VLINFRA.NS,VLINFRA
VLSFINANCE.NS,VLSFINANCE
VMARCIND.NS,VMARCIND
VMART.NS,VMART
VMM.NS,VMM
VOLTAMP.NS,VOLTAMP
VOLTAS.NS,VOLTAS
VPRPL.NS,VPRPL
VR.NS,VR
VRAJ.NS,VRAJ
VRLLOG.NS,VRLLOG
VSCL.NS,VSCL
VSSL.NS,VSSL
VSTIND.NS,VSTIND
VSTL.NS,VSTL
VSTTILLERS.NS,VSTTILLERS
VTL.NS,VTL
WAAREEENER.NS,WAAREEENER
WABAG.NS,WABAG
WALCHANNAG.NS,WALCHANNAG
WALPAR.NS,WALPAR
WANBURY.NS,WANBURY
WCIL.NS,WCIL
WEALTH.NS,WEALTH
WEBELSOLAR.NS,WEBELSOLAR
WEIZMANIND.NS,WEIZMANIND
WEL.NS,WEL
WELCORP.NS,WELCORP
WELENT.NS,WELENT
WELINV.NS,WELINV
WELSPUNLIV.NS,WELSPUNLIV
WENDT.NS,WENDT
WESTLIFE.NS,WESTLIFE
WEWIN.NS,WEWIN
WHEELS.NS,WHEELS
WHIRLPOOL.NS,WHIRLPOOL
WILLAMAGOR.NS,WILLAMAGOR
WINDLAS.NS,WINDLAS
WINDMACHIN.NS,WINDMACHIN
WINNY.NS,WINNY
WINSOL.NS,WINSOL
WINSOME.NS,WINSOME
WIPL.NS,WIPL
WIPRO.NS,WIPRO
WOCKPHARMA.NS,WOCKPHARMA
WOL3D.NS,WOL3D
WOMANCART.NS,WOMANCART
WONDERLA.NS,WONDERLA
WORTH.NS,WORTH
WSI.NS,WSI
WSTCSTPAPR.NS,WSTCSTPAPR
WTICAB.NS,WTICAB
XCHANGING.NS,XCHANGING
XELPMOC.NS,XELPMOC
XPROINDIA.NS,XPROINDIA
XTGLOBAL.NS,XTGLOBAL
YAARI.NS,YAARI
YASHO.NS,YASHO
YASHOPTICS.NS,YASHOPTICS
YATHARTH.NS,YATHARTH
YATRA.NS,YATRA
YCCL.NS,YCCL
YESBANK.NS,YESBANK
YUDIZ.NS,YUDIZ
YUKEN.NS,YUKEN
ZAGGLE.NS,ZAGGLE
ZEAL.NS,ZEAL
ZEEL.NS,ZEEL
ZEELEARN.NS,ZEELEARN
ZEEMEDIA.NS,ZEEMEDIA
ZENITHDRUG.NS,ZENITHDRUG
ZENITHEXPO.NS,ZENITHEXPO
ZENITHSTL.NS,ZENITHSTL
ZENSARTECH.NS,ZENSARTECH
ZENTEC.NS,ZENTEC
ZFCVINDIA.NS,ZFCVINDIA
ZICOM.NS,ZICOM
ZIMLAB.NS,ZIMLAB
ZODIAC.NS,ZODIAC
ZODIACLOTH.NS,ZODIACLOTH
ZOMATO.NS,ZOMATO
ZOTA.NS,ZOTA
ZTECH.NS,ZTECH
ZUARI.NS,ZUARI
ZUARIIND.NS,ZUARIIND
ZYDUSLIFE.NS,ZYDUSLIFE
ZYDUSWELL.NS,ZYDUSWELL
